Site,Grp,FR.09,NIS.09,FR.17,NIS.17,PNIS.Prop,RD.09,RD.17,Lat,Long,Owner,Area.2007,Area.2017,Area.Change,RdDens.1KM,Conn,Invasive,Richness.09,PNIS.Tot,PNIS.T,FR.T,RD.T,Rich.T
ALBERT,1,3,0,3,0,0,0.212956894,0.212956894,48.391,-123.49,DND,1.173,1.068,0.09,8.44,109130.2,Low,84,0.51,0,0,0,-1
BEAR-A,1,3,0,3,0,0,0.212956894,0.212956894,48.546,-123.409,CRD,2.146,1.824,0.15,3.64,50181.04,None,78,0.4,0.02,0,0,14
BEAR-E,1,3,0,3,0,0,0.212956894,0.212956894,48.546,-123.405,CRD,4.477,3.639,0.19,3.93,28970.14,Low,96,0.35,-0.01,0,0,-1
BOULDER-E,1,3,0,3,0,0,0.212956894,0.212956894,48.505,-123.372,Saanich,1.73,1.68,0.03,4.52,25283.02,None,94,0.44,0.02,0,0,25
BOULDER-W,1,3,0,3,0,0,0.212956894,0.212956894,48.505,-123.375,Saanich,1.113,1.067,0.04,10.17,27006.47,None,79,0.37,0.08,0,0,15
CAMROSE,1,2,0,2,0,0,,,48.454,-123.352,Saanich,1.477,1.104,0.25,1.97,69018.49,Low,66,0.7,-0.02,0,0,-3
CEDAR,1,2,0,2,0,0,,,48.458,-123.347,Saanich,2.766,2.369,0.14,3.58,77929.92,High,68,0.62,0.04,0,0,19
CHATTER,1,2,0,2,0,0,,,48.491,-123.385,Saanich,1.223,1.089,0.11,2.14,15888.79,Med,84,0.64,-0.06,0,0,9
DEAN-E,1,3,0,3,0,0,0.212956894,0.212956894,48.61,-123.443,BC Parks,0.725,0.725,0,7.95,17421.59,High,82,0.33,0.04,0,0,8
DEAN-P,1,3,0,3,0,0,0.212956894,0.212956894,48.612,-123.442,BC Parks,0.769,0.769,0,9.85,17872.01,High,85,0.29,0.01,0,0,0
FKING-N,1,3,0,3,0,0,0.212956894,0.212956894,48.487,-123.442,CRD,1.355,0.987,0.27,1.74,409167.9,None,80,0.33,0.06,0,0,14
FKING-S,1,3,0,3,0,0,0.212956894,0.212956894,48.477,-123.45,CRD,1.202,1.202,0,2.58,2171374,None,81,0.36,0.05,0,0,10
GARIBALDI-W,1,4,0,4,0,0,0.223824327,0.223824327,48.337,-123.58,DND,5.89,5.86,0.01,1.08,82461.15,None,95,0.28,0.04,0,0,21
GONZALES,1,3,0,3,0,0,0.232553115,0.232553115,48.414,-123.325,CRD,1.312,1.101,0.16,2.22,28234.75,Low,95,0.61,0.06,0,0,1
GORE,1,3,0,3,0,0,0.212956894,0.212956894,48.567,-123.455,CRD,1.548,1.34,0.13,6.1,39619.77,High,101,0.39,0,0,0,-2
HORTH,1,3,0,3,0,0,0.212956894,0.212956894,48.683,-123.432,CRD,1.216,0.871,0.28,2.89,22215.26,None,82,0.4,0.02,0,0,15
KNOCKAN-N,1,3,0,3,0,0,0.212956894,0.212956894,48.47,-123.417,Saanich; Friends of Knockan Hill Park,3.185,2.88,0.1,5.79,49476.64,Med,111,0.51,-0.03,0,0,4
KNOCKAN-S,1,3,0,3,0,0,0.212956894,0.212956894,48.469,-123.419,Saanich; Friends of Knockan Hill Park,1.27,1.109,0.13,4.35,62155.21,Low,97,0.6,-0.07,0,0,6
KONUKSON,1,5,0,4,0,0,0.213577404,0.223824327,48.454,-123.274,Saanich,0.595,0.565,0.05,8.31,70719.17,None,73,0.55,-0.14,-1,0.010246924,-13
KONUKSON-A,1,3,0,4,0,0,0.212956894,0.237641729,48.455,-123.273,Saanich,0.178,0.134,0.25,2.27,72684.95,None,72,0.63,0,1,0.024684835,-3
LAYRITZ,1,4,0,4,0,0,0.214698557,0.214698557,48.49,-123.413,Saanich,4.431,3.491,0.21,2.08,42008.72,None,107,0.51,0.06,0,0,5
LILDOUG,1,3,0,3,0,0,0.212956894,0.212956894,48.491,-123.351,Saanich,8.815,8.815,0,0.79,254285.7,High,106,0.42,-0.03,0,0,15
MOSSROCK,1,2,0,2,0,0,,,48.412,-123.346,City of Victoria,2.032,1.978,0.03,7.64,51199.58,Med,82,0.7,0.02,0,0,17
PEACOCK,1,1,0,2,0,0,,,48.45,-123.353,Saanich,1.146,1.034,0.1,9.92,65664.79,Low,71,0.7,0.01,1,0,19
SCAFE-E,1,3,0,3,0,0,0.212956894,0.212956894,48.492,-123.485,CRD,5.028,5.028,0,5.43,881894,Low,99,0.35,0.06,0,0,20
SCAFE-W,1,3,0,3,0,0,0.212956894,0.212956894,48.492,-123.489,CRD,1.843,1.649,0.11,8.33,533719.8,None,76,0.38,-0.08,0,0,10
SEYMOUR-S,1,3,0,3,0,0,0.212956894,0.212956894,48.464,-123.465,CRD,3.267,3.022,0.07,3.44,2342245,None,106,0.39,-0.02,0,0,17
STEWART,1,3,0,3,0,0,0.212956894,0.212956894,48.496,-123.493,CRD,6.524,5.833,0.11,0.69,476104.7,None,105,0.33,0.02,0,0,17
SUMMIT,1,2,0,3,0,0,,0.202799282,48.446,-123.354,City of Victoria,5.882,4.961,0.16,11.26,33108.48,High,92,0.73,0.03,1,0.202799282,6
XMAS,1,3,0,4,0,0,0.182391935,0.223824327,48.474,-123.377,Christmas Hill Nature Sanctuary,8.721,8.721,0,3.44,65270.2,High,112,0.55,0.03,1,0.041432392,9
ALBERT,2,2,0,2,0,0,,,48.391,-123.49,DND,1.173,1.068,0.09,8.44,109130.2,Low,84,0.51,0,0,0,-1
BEAR-A,2,2,0,1,0,0,,,48.546,-123.409,CRD,2.146,1.824,0.15,3.64,50181.04,None,78,0.4,0.02,-1,0,14
BEAR-E,2,2,0,2,0,0,,,48.546,-123.405,CRD,4.477,3.639,0.19,3.93,28970.14,Low,96,0.35,-0.01,0,0,-1
BOULDER-E,2,3,0,3,0,0,0.192456532,0.214127368,48.505,-123.372,Saanich,1.73,1.68,0.03,4.52,25283.02,None,94,0.44,0.02,0,0.021670836,25
BOULDER-W,2,2,0,1,0,0,,,48.505,-123.375,Saanich,1.113,1.067,0.04,10.17,27006.47,None,79,0.37,0.08,-1,0,15
CAMROSE,2,,,,,,,,48.454,-123.352,Saanich,1.477,1.104,0.25,1.97,69018.49,Low,66,0.7,-0.02,0,0,-3
CEDAR,2,1,0,1,0,0,,,48.458,-123.347,Saanich,2.766,2.369,0.14,3.58,77929.92,High,68,0.62,0.04,0,0,19
CHATTER,2,1,0,1,0,0,,,48.491,-123.385,Saanich,1.223,1.089,0.11,2.14,15888.79,Med,84,0.64,-0.06,0,0,9
DEAN-E,2,2,0,2,0,0,,,48.61,-123.443,BC Parks,0.725,0.725,0,7.95,17421.59,High,82,0.33,0.04,0,0,8
DEAN-P,2,3,0,3,0,0,0.220690448,0.154884448,48.612,-123.442,BC Parks,0.769,0.769,0,9.85,17872.01,High,85,0.29,0.01,0,-0.065806,0
FKING-N,2,3,0,5,0,0,0.214127368,0.205324776,48.487,-123.442,CRD,1.355,0.987,0.27,1.74,409167.9,None,80,0.33,0.06,2,-0.008802592,14
FKING-S,2,2,0,2,0,0,,,48.477,-123.45,CRD,1.202,1.202,0,2.58,2171374,None,81,0.36,0.05,0,0,10
GARIBALDI-W,2,3,0,2,0,0,0.187837593,,48.337,-123.58,DND,5.89,5.86,0.01,1.08,82461.15,None,95,0.28,0.04,-1,-0.187837593,21
GONZALES,2,1,0,1,0,0,,,48.414,-123.325,CRD,1.312,1.101,0.16,2.22,28234.75,Low,95,0.61,0.06,0,0,1
GORE,2,3,0,3,0,0,0.154884448,0.154884448,48.567,-123.455,CRD,1.548,1.34,0.13,6.1,39619.77,High,101,0.39,0,0,0,-2
HORTH,2,2,0,4,0,0,,0.209210284,48.683,-123.432,CRD,1.216,0.871,0.28,2.89,22215.26,None,82,0.4,0.02,2,0.209210284,15
KNOCKAN-N,2,3,0,3,0,0,0.214127368,0.214127368,48.47,-123.417,Saanich; Friends of Knockan Hill Park,3.185,2.88,0.1,5.79,49476.64,Med,111,0.51,-0.03,0,0,4
KNOCKAN-S,2,2,0,2,0,0,,,48.469,-123.419,Saanich; Friends of Knockan Hill Park,1.27,1.109,0.13,4.35,62155.21,Low,97,0.6,-0.07,0,0,6
KONUKSON,2,1,0,1,0,0,,,48.454,-123.274,Saanich,0.595,0.565,0.05,8.31,70719.17,None,73,0.55,-0.14,0,0,-13
KONUKSON-A,2,2,0,2,0,0,,,48.455,-123.273,Saanich,0.178,0.134,0.25,2.27,72684.95,None,72,0.63,0,0,0,-3
LAYRITZ,2,3,0,3,0,0,0.214127368,0.214127368,48.49,-123.413,Saanich,4.431,3.491,0.21,2.08,42008.72,None,107,0.51,0.06,0,0,5
LILDOUG,2,3,0,2,0,0,0.152956965,,48.491,-123.351,Saanich,8.815,8.815,0,0.79,254285.7,High,106,0.42,-0.03,-1,-0.152956965,15
MOSSROCK,2,2,1,2,1,0.5,,,48.412,-123.346,City of Victoria,2.032,1.978,0.03,7.64,51199.58,Med,82,0.7,0.02,0,0,17
PEACOCK,2,,,,,,,,48.45,-123.353,Saanich,1.146,1.034,0.1,9.92,65664.79,Low,71,0.7,0.01,0,0,19
SCAFE-E,2,1,0,2,0,0,,,48.492,-123.485,CRD,5.028,5.028,0,5.43,881894,Low,99,0.35,0.06,1,0,20
SCAFE-W,2,1,0,1,0,0,,,48.492,-123.489,CRD,1.843,1.649,0.11,8.33,533719.8,None,76,0.38,-0.08,0,0,10
SEYMOUR-S,2,3,0,3,0,0,0.214127368,0.214127368,48.464,-123.465,CRD,3.267,3.022,0.07,3.44,2342245,None,106,0.39,-0.02,0,0,17
STEWART,2,1,0,2,0,0,,,48.496,-123.493,CRD,6.524,5.833,0.11,0.69,476104.7,None,105,0.33,0.02,1,0,17
SUMMIT,2,2,1,1,0,0.5,,,48.446,-123.354,City of Victoria,5.882,4.961,0.16,11.26,33108.48,High,92,0.73,0.03,-1,0,6
XMAS,2,1,0,2,1,0,,,48.474,-123.377,Christmas Hill Nature Sanctuary,8.721,8.721,0,3.44,65270.2,High,112,0.55,0.03,1,0,9
ALBERT,3,3,2,3,2,0.666666667,0.273520765,0.273520765,48.391,-123.49,DND,1.173,1.068,0.09,8.44,109130.2,Low,84,0.51,0,0,0,-1
BEAR-A,3,5,4,5,4,0.8,0.303021823,0.303021823,48.546,-123.409,CRD,2.146,1.824,0.15,3.64,50181.04,None,78,0.4,0.02,0,0,14
BEAR-E,3,5,4,4,3,0.8,0.303021823,0.293904212,48.546,-123.405,CRD,4.477,3.639,0.19,3.93,28970.14,Low,96,0.35,-0.01,-1,-0.009117611,-1
BOULDER-E,3,5,4,6,4,0.8,0.303021823,0.298659319,48.505,-123.372,Saanich,1.73,1.68,0.03,4.52,25283.02,None,94,0.44,0.02,1,-0.004362504,25
BOULDER-W,3,5,4,5,4,0.8,0.303021823,0.303021823,48.505,-123.375,Saanich,1.113,1.067,0.04,10.17,27006.47,None,79,0.37,0.08,0,0,15
CAMROSE,3,4,3,6,5,0.75,0.27893321,0.301155047,48.454,-123.352,Saanich,1.477,1.104,0.25,1.97,69018.49,Low,66,0.7,-0.02,2,0.022221837,-3
CEDAR,3,4,4,6,5,1,0.296614197,0.317466813,48.458,-123.347,Saanich,2.766,2.369,0.14,3.58,77929.92,High,68,0.62,0.04,2,0.020852616,19
CHATTER,3,4,3,5,4,0.75,0.305072761,0.303021823,48.491,-123.385,Saanich,1.223,1.089,0.11,2.14,15888.79,Med,84,0.64,-0.06,1,-0.002050938,9
DEAN-E,3,5,4,5,4,0.8,0.303021823,0.303021823,48.61,-123.443,BC Parks,0.725,0.725,0,7.95,17421.59,High,82,0.33,0.04,0,0,8
DEAN-P,3,4,3,4,3,0.75,0.293904212,0.293904212,48.612,-123.442,BC Parks,0.769,0.769,0,9.85,17872.01,High,85,0.29,0.01,0,0,0
FKING-N,3,5,4,4,3,0.8,0.303021823,0.293904212,48.487,-123.442,CRD,1.355,0.987,0.27,1.74,409167.9,None,80,0.33,0.06,-1,-0.009117611,14
FKING-S,3,5,4,5,4,0.8,0.303021823,0.303021823,48.477,-123.45,CRD,1.202,1.202,0,2.58,2171374,None,81,0.36,0.05,0,0,10
GARIBALDI-W,3,6,4,4,3,0.666666667,0.287825439,0.23375682,48.337,-123.58,DND,5.89,5.86,0.01,1.08,82461.15,None,95,0.28,0.04,-2,-0.054068619,21
GONZALES,3,5,4,5,4,0.8,0.303021823,0.303021823,48.414,-123.325,CRD,1.312,1.101,0.16,2.22,28234.75,Low,95,0.61,0.06,0,0,1
GORE,3,4,3,4,3,0.75,0.293904212,0.293904212,48.567,-123.455,CRD,1.548,1.34,0.13,6.1,39619.77,High,101,0.39,0,0,0,-2
HORTH,3,4,3,4,3,0.75,0.293904212,0.293904212,48.683,-123.432,CRD,1.216,0.871,0.28,2.89,22215.26,None,82,0.4,0.02,0,0,15
KNOCKAN-N,3,4,3,6,5,0.75,0.305072761,0.317466813,48.47,-123.417,Saanich; Friends of Knockan Hill Park,3.185,2.88,0.1,5.79,49476.64,Med,111,0.51,-0.03,2,0.012394052,4
KNOCKAN-S,3,9,7,5,5,0.777777778,0.294716167,0.279383806,48.469,-123.419,Saanich; Friends of Knockan Hill Park,1.27,1.109,0.13,4.35,62155.21,Low,97,0.6,-0.07,-4,-0.015332361,6
KONUKSON,3,3,2,3,2,0.666666667,0.283611726,0.283611726,48.454,-123.274,Saanich,0.595,0.565,0.05,8.31,70719.17,None,73,0.55,-0.14,0,0,-13
KONUKSON-A,3,5,4,4,3,0.8,0.295317701,0.27893321,48.455,-123.273,Saanich,0.178,0.134,0.25,2.27,72684.95,None,72,0.63,0,-1,-0.016384492,-3
LAYRITZ,3,6,5,6,5,0.833333333,0.307946281,0.307946281,48.49,-123.413,Saanich,4.431,3.491,0.21,2.08,42008.72,None,107,0.51,0.06,0,0,5
LILDOUG,3,5,4,6,5,0.8,0.303021823,0.307946281,48.491,-123.351,Saanich,8.815,8.815,0,0.79,254285.7,High,106,0.42,-0.03,1,0.004924458,15
MOSSROCK,3,6,5,6,5,0.833333333,0.317466813,0.317466813,48.412,-123.346,City of Victoria,2.032,1.978,0.03,7.64,51199.58,Med,82,0.7,0.02,0,0,17
PEACOCK,3,5,4,4,3,0.8,0.31501491,0.302849193,48.45,-123.353,Saanich,1.146,1.034,0.1,9.92,65664.79,Low,71,0.7,0.01,-1,-0.012165717,19
SCAFE-E,3,4,3,5,4,0.75,0.302849193,0.303021823,48.492,-123.485,CRD,5.028,5.028,0,5.43,881894,Low,99,0.35,0.06,1,0.00017263,20
SCAFE-W,3,5,4,5,4,0.8,0.303021823,0.303021823,48.492,-123.489,CRD,1.843,1.649,0.11,8.33,533719.8,None,76,0.38,-0.08,0,0,10
SEYMOUR-S,3,4,3,6,4,0.75,0.293904212,0.298659319,48.464,-123.465,CRD,3.267,3.022,0.07,3.44,2342245,None,106,0.39,-0.02,2,0.004755107,17
STEWART,3,4,3,5,4,0.75,0.302849193,0.303021823,48.496,-123.493,CRD,6.524,5.833,0.11,0.69,476104.7,None,105,0.33,0.02,1,0.00017263,17
SUMMIT,3,7,6,6,5,0.857142857,0.315295893,0.317185988,48.446,-123.354,City of Victoria,5.882,4.961,0.16,11.26,33108.48,High,92,0.73,0.03,-1,0.001890095,6
XMAS,3,6,5,7,5,0.833333333,0.317466813,0.305995725,48.474,-123.377,Christmas Hill Nature Sanctuary,8.721,8.721,0,3.44,65270.2,High,112,0.55,0.03,1,-0.011471088,9
ALBERT,4,2,2,2,2,1,,,48.391,-123.49,DND,1.173,1.068,0.09,8.44,109130.2,Low,84,0.51,0,0,0,-1
BEAR-A,4,4,2,4,2,0.5,0.193863408,0.193863408,48.546,-123.409,CRD,2.146,1.824,0.15,3.64,50181.04,None,78,0.4,0.02,0,0,14
BEAR-E,4,6,2,3,1,0.333333333,0.234276646,0.130800789,48.546,-123.405,CRD,4.477,3.639,0.19,3.93,28970.14,Low,96,0.35,-0.01,-3,-0.103475856,-1
BOULDER-E,4,2,2,4,2,1,,0.209342195,48.505,-123.372,Saanich,1.73,1.68,0.03,4.52,25283.02,None,94,0.44,0.02,2,0.209342195,25
BOULDER-W,4,5,2,2,1,0.4,0.227771907,,48.505,-123.375,Saanich,1.113,1.067,0.04,10.17,27006.47,None,79,0.37,0.08,-3,-0.227771907,15
CAMROSE,4,2,2,2,2,1,,,48.454,-123.352,Saanich,1.477,1.104,0.25,1.97,69018.49,Low,66,0.7,-0.02,0,0,-3
CEDAR,4,2,2,1,1,1,,,48.458,-123.347,Saanich,2.766,2.369,0.14,3.58,77929.92,High,68,0.62,0.04,-1,0,19
CHATTER,4,2,2,2,2,1,,,48.491,-123.385,Saanich,1.223,1.089,0.11,2.14,15888.79,Med,84,0.64,-0.06,0,0,9
DEAN-E,4,5,2,5,1,0.4,0.195259749,0.201579539,48.61,-123.443,BC Parks,0.725,0.725,0,7.95,17421.59,High,82,0.33,0.04,0,0.00631979,8
DEAN-P,4,6,2,3,1,0.333333333,0.234276646,0.140637064,48.612,-123.442,BC Parks,0.769,0.769,0,9.85,17872.01,High,85,0.29,0.01,-3,-0.093639582,0
FKING-N,4,5,2,5,2,0.4,0.195259749,0.195259749,48.487,-123.442,CRD,1.355,0.987,0.27,1.74,409167.9,None,80,0.33,0.06,0,0,14
FKING-S,4,5,2,5,2,0.4,0.195259749,0.195259749,48.477,-123.45,CRD,1.202,1.202,0,2.58,2171374,None,81,0.36,0.05,0,0,10
GARIBALDI-W,4,5,2,4,1,0.4,0.195259749,0.134273728,48.337,-123.58,DND,5.89,5.86,0.01,1.08,82461.15,None,95,0.28,0.04,-1,-0.060986021,21
GONZALES,4,2,2,2,2,1,,,48.414,-123.325,CRD,1.312,1.101,0.16,2.22,28234.75,Low,95,0.61,0.06,0,0,1
GORE,4,5,3,4,3,0.6,0.217472675,0.202529545,48.567,-123.455,CRD,1.548,1.34,0.13,6.1,39619.77,High,101,0.39,0,-1,-0.01494313,-2
HORTH,4,5,2,2,1,0.4,0.195259749,,48.683,-123.432,CRD,1.216,0.871,0.28,2.89,22215.26,None,82,0.4,0.02,-3,-0.195259749,15
KNOCKAN-N,4,6,2,4,2,0.333333333,0.24545953,0.193863408,48.47,-123.417,Saanich; Friends of Knockan Hill Park,3.185,2.88,0.1,5.79,49476.64,Med,111,0.51,-0.03,-2,-0.051596122,4
KNOCKAN-S,4,3,3,4,3,1,0.205045084,0.202529545,48.469,-123.419,Saanich; Friends of Knockan Hill Park,1.27,1.109,0.13,4.35,62155.21,Low,97,0.6,-0.07,1,-0.00251554,6
KONUKSON,4,2,2,2,1,1,,,48.454,-123.274,Saanich,0.595,0.565,0.05,8.31,70719.17,None,73,0.55,-0.14,0,0,-13
KONUKSON-A,4,2,2,1,1,1,,,48.455,-123.273,Saanich,0.178,0.134,0.25,2.27,72684.95,None,72,0.63,0,-1,0,-3
LAYRITZ,4,2,2,2,2,1,,,48.49,-123.413,Saanich,4.431,3.491,0.21,2.08,42008.72,None,107,0.51,0.06,0,0,5
LILDOUG,4,4,2,3,2,0.5,0.193863408,0.206273888,48.491,-123.351,Saanich,8.815,8.815,0,0.79,254285.7,High,106,0.42,-0.03,-1,0.01241048,15
MOSSROCK,4,2,2,2,2,1,,,48.412,-123.346,City of Victoria,2.032,1.978,0.03,7.64,51199.58,Med,82,0.7,0.02,0,0,17
PEACOCK,4,2,2,2,2,1,,,48.45,-123.353,Saanich,1.146,1.034,0.1,9.92,65664.79,Low,71,0.7,0.01,0,0,19
SCAFE-E,4,5,3,5,3,0.6,0.245637499,0.245637499,48.492,-123.485,CRD,5.028,5.028,0,5.43,881894,Low,99,0.35,0.06,0,0,20
SCAFE-W,4,4,1,3,1,0.25,0.134273728,0.140637064,48.492,-123.489,CRD,1.843,1.649,0.11,8.33,533719.8,None,76,0.38,-0.08,-1,0.006363336,10
SEYMOUR-S,4,6,3,7,3,0.5,0.200662741,0.234381488,48.464,-123.465,CRD,3.267,3.022,0.07,3.44,2342245,None,106,0.39,-0.02,1,0.033718748,17
STEWART,4,6,2,6,2,0.333333333,0.234276646,0.234276646,48.496,-123.493,CRD,6.524,5.833,0.11,0.69,476104.7,None,105,0.33,0.02,0,0,17
SUMMIT,4,3,2,3,2,0.666666667,0.206273888,0.206273888,48.446,-123.354,City of Victoria,5.882,4.961,0.16,11.26,33108.48,High,92,0.73,0.03,0,0,6
XMAS,4,2,2,2,2,1,,,48.474,-123.377,Christmas Hill Nature Sanctuary,8.721,8.721,0,3.44,65270.2,High,112,0.55,0.03,0,0,9
ALBERT,5,,,1,0,,,,48.391,-123.49,DND,1.173,1.068,0.09,8.44,109130.2,Low,84,0.51,0,1,0,-1
BEAR-A,5,2,0,3,1,0,,0.253217508,48.546,-123.409,CRD,2.146,1.824,0.15,3.64,50181.04,None,78,0.4,0.02,1,0.253217508,14
BEAR-E,5,3,1,4,1,0.333333333,0.252466577,0.25649617,48.546,-123.405,CRD,4.477,3.639,0.19,3.93,28970.14,Low,96,0.35,-0.01,1,0.004029593,-1
BOULDER-E,5,3,0,3,1,0,0.175692779,0.253243228,48.505,-123.372,Saanich,1.73,1.68,0.03,4.52,25283.02,None,94,0.44,0.02,0,0.07755045,25
BOULDER-W,5,2,0,1,0,0,,,48.505,-123.375,Saanich,1.113,1.067,0.04,10.17,27006.47,None,79,0.37,0.08,-1,0,15
CAMROSE,5,2,2,2,1,1,,,48.454,-123.352,Saanich,1.477,1.104,0.25,1.97,69018.49,Low,66,0.7,-0.02,0,0,-3
CEDAR,5,2,1,5,3,0.5,,0.229366499,48.458,-123.347,Saanich,2.766,2.369,0.14,3.58,77929.92,High,68,0.62,0.04,3,0.229366499,19
CHATTER,5,2,0,3,1,0,,0.252466577,48.491,-123.385,Saanich,1.223,1.089,0.11,2.14,15888.79,Med,84,0.64,-0.06,1,0.252466577,9
DEAN-E,5,3,1,3,1,0.333333333,0.253243228,0.253243228,48.61,-123.443,BC Parks,0.725,0.725,0,7.95,17421.59,High,82,0.33,0.04,0,0,8
DEAN-P,5,1,0,1,0,0,,,48.612,-123.442,BC Parks,0.769,0.769,0,9.85,17872.01,High,85,0.29,0.01,0,0,0
FKING-N,5,1,0,1,1,0,,,48.487,-123.442,CRD,1.355,0.987,0.27,1.74,409167.9,None,80,0.33,0.06,0,0,14
FKING-S,5,1,1,3,1,1,,0.253217508,48.477,-123.45,CRD,1.202,1.202,0,2.58,2171374,None,81,0.36,0.05,2,0.253217508,10
GARIBALDI-W,5,3,0,4,1,0,0.175692779,0.234754946,48.337,-123.58,DND,5.89,5.86,0.01,1.08,82461.15,None,95,0.28,0.04,1,0.059062167,21
GONZALES,5,4,2,5,2,0.5,0.229757698,0.214454395,48.414,-123.325,CRD,1.312,1.101,0.16,2.22,28234.75,Low,95,0.61,0.06,1,-0.015303303,1
GORE,5,4,1,4,1,0.25,0.25649617,0.25649617,48.567,-123.455,CRD,1.548,1.34,0.13,6.1,39619.77,High,101,0.39,0,0,0,-2
HORTH,5,3,1,3,1,0.333333333,0.253217508,0.253217508,48.683,-123.432,CRD,1.216,0.871,0.28,2.89,22215.26,None,82,0.4,0.02,0,0,15
KNOCKAN-N,5,4,1,3,1,0.25,0.245915221,0.252540098,48.47,-123.417,Saanich; Friends of Knockan Hill Park,3.185,2.88,0.1,5.79,49476.64,Med,111,0.51,-0.03,-1,0.006624877,4
KNOCKAN-S,5,3,1,2,1,0.333333333,0.184786218,,48.469,-123.419,Saanich; Friends of Knockan Hill Park,1.27,1.109,0.13,4.35,62155.21,Low,97,0.6,-0.07,-1,-0.184786218,6
KONUKSON,5,1,0,1,0,0,,,48.454,-123.274,Saanich,0.595,0.565,0.05,8.31,70719.17,None,73,0.55,-0.14,0,0,-13
KONUKSON-A,5,2,1,1,0,0.5,,,48.455,-123.273,Saanich,0.178,0.134,0.25,2.27,72684.95,None,72,0.63,0,-1,0,-3
LAYRITZ,5,2,1,3,1,0.5,,0.252466577,48.49,-123.413,Saanich,4.431,3.491,0.21,2.08,42008.72,None,107,0.51,0.06,1,0.252466577,5
LILDOUG,5,5,1,3,0,0.2,0.236432256,0.175692779,48.491,-123.351,Saanich,8.815,8.815,0,0.79,254285.7,High,106,0.42,-0.03,-2,-0.060739478,15
MOSSROCK,5,3,2,4,3,0.666666667,0.226411913,0.235734572,48.412,-123.346,City of Victoria,2.032,1.978,0.03,7.64,51199.58,Med,82,0.7,0.02,1,0.009322659,17
PEACOCK,5,1,1,2,1,1,,,48.45,-123.353,Saanich,1.146,1.034,0.1,9.92,65664.79,Low,71,0.7,0.01,1,0,19
SCAFE-E,5,3,0,3,0,0,0.211433875,0.211433875,48.492,-123.485,CRD,5.028,5.028,0,5.43,881894,Low,99,0.35,0.06,0,0,20
SCAFE-W,5,3,0,3,1,0,0.211337736,0.183250397,48.492,-123.489,CRD,1.843,1.649,0.11,8.33,533719.8,None,76,0.38,-0.08,0,-0.028087339,10
SEYMOUR-S,5,5,1,5,1,0.2,0.236432256,0.236432256,48.464,-123.465,CRD,3.267,3.022,0.07,3.44,2342245,None,106,0.39,-0.02,0,0,17
STEWART,5,3,0,3,0,0,0.211337736,0.211337736,48.496,-123.493,CRD,6.524,5.833,0.11,0.69,476104.7,None,105,0.33,0.02,0,0,17
SUMMIT,5,2,1,4,3,0.5,,0.235734572,48.446,-123.354,City of Victoria,5.882,4.961,0.16,11.26,33108.48,High,92,0.73,0.03,2,0.235734572,6
XMAS,5,4,1,4,2,0.25,0.25649617,0.229757698,48.474,-123.377,Christmas Hill Nature Sanctuary,8.721,8.721,0,3.44,65270.2,High,112,0.55,0.03,0,-0.026738472,9
ALBERT,6,4,1,3,0,0.25,0.216954841,0.225568499,48.391,-123.49,DND,1.173,1.068,0.09,8.44,109130.2,Low,84,0.51,0,-1,0.008613657,-1
BEAR-A,6,3,0,6,1,0,0.216026104,0.216725818,48.546,-123.409,CRD,2.146,1.824,0.15,3.64,50181.04,None,78,0.4,0.02,3,0.000699714,14
BEAR-E,6,6,0,6,0,0,0.195230489,0.195230489,48.546,-123.405,CRD,4.477,3.639,0.19,3.93,28970.14,Low,96,0.35,-0.01,0,0,-1
BOULDER-E,6,5,1,9,2,0.2,0.196685177,0.207269567,48.505,-123.372,Saanich,1.73,1.68,0.03,4.52,25283.02,None,94,0.44,0.02,4,0.01058439,25
BOULDER-W,6,2,0,7,1,0,,0.195143587,48.505,-123.375,Saanich,1.113,1.067,0.04,10.17,27006.47,None,79,0.37,0.08,5,0.195143587,15
CAMROSE,6,2,0,2,1,0,,,48.454,-123.352,Saanich,1.477,1.104,0.25,1.97,69018.49,Low,66,0.7,-0.02,0,0,-3
CEDAR,6,1,0,3,1,0,,0.196498465,48.458,-123.347,Saanich,2.766,2.369,0.14,3.58,77929.92,High,68,0.62,0.04,2,0.196498465,19
CHATTER,6,3,2,2,1,0.666666667,0.175538758,,48.491,-123.385,Saanich,1.223,1.089,0.11,2.14,15888.79,Med,84,0.64,-0.06,-1,-0.175538758,9
DEAN-E,6,5,0,6,1,0,0.210202679,0.202979944,48.61,-123.443,BC Parks,0.725,0.725,0,7.95,17421.59,High,82,0.33,0.04,1,-0.007222735,8
DEAN-P,6,7,0,7,1,0,0.194445,0.214085803,48.612,-123.442,BC Parks,0.769,0.769,0,9.85,17872.01,High,85,0.29,0.01,0,0.019640804,0
FKING-N,6,6,0,5,1,0,0.215744862,0.232725437,48.487,-123.442,CRD,1.355,0.987,0.27,1.74,409167.9,None,80,0.33,0.06,-1,0.016980575,14
FKING-S,6,5,0,7,0,0,0.1954772,0.21373796,48.477,-123.45,CRD,1.202,1.202,0,2.58,2171374,None,81,0.36,0.05,2,0.01826076,10
GARIBALDI-W,6,6,0,6,1,0,0.232811851,0.245236182,48.337,-123.58,DND,5.89,5.86,0.01,1.08,82461.15,None,95,0.28,0.04,0,0.012424332,21
GONZALES,6,2,0,4,1,0,,0.229607033,48.414,-123.325,CRD,1.312,1.101,0.16,2.22,28234.75,Low,95,0.61,0.06,2,0.229607033,1
GORE,6,6,0,9,1,0,0.243647782,0.236030357,48.567,-123.455,CRD,1.548,1.34,0.13,6.1,39619.77,High,101,0.39,0,3,-0.007617425,-2
HORTH,6,5,0,7,1,0,0.235050733,0.251669002,48.683,-123.432,CRD,1.216,0.871,0.28,2.89,22215.26,None,82,0.4,0.02,2,0.016618269,15
KNOCKAN-N,6,4,1,5,2,0.25,0.220326501,0.219251598,48.47,-123.417,Saanich; Friends of Knockan Hill Park,3.185,2.88,0.1,5.79,49476.64,Med,111,0.51,-0.03,1,-0.001074903,4
KNOCKAN-S,6,2,2,5,1,1,,0.248656008,48.469,-123.419,Saanich; Friends of Knockan Hill Park,1.27,1.109,0.13,4.35,62155.21,Low,97,0.6,-0.07,3,0.248656008,6
KONUKSON,6,4,0,6,1,0,0.208571927,0.201958582,48.454,-123.274,Saanich,0.595,0.565,0.05,8.31,70719.17,None,73,0.55,-0.14,2,-0.006613345,-13
KONUKSON-A,6,2,0,1,0,0,,,48.455,-123.273,Saanich,0.178,0.134,0.25,2.27,72684.95,None,72,0.63,0,-1,0,-3
LAYRITZ,6,6,1,4,1,0.166666667,0.223199429,0.232132012,48.49,-123.413,Saanich,4.431,3.491,0.21,2.08,42008.72,None,107,0.51,0.06,-2,0.008932583,5
LILDOUG,6,6,0,7,1,0,0.20220912,0.215775499,48.491,-123.351,Saanich,8.815,8.815,0,0.79,254285.7,High,106,0.42,-0.03,1,0.01356638,15
MOSSROCK,6,1,0,2,1,0,,,48.412,-123.346,City of Victoria,2.032,1.978,0.03,7.64,51199.58,Med,82,0.7,0.02,1,0,17
PEACOCK,6,2,0,4,2,0,,0.221264696,48.45,-123.353,Saanich,1.146,1.034,0.1,9.92,65664.79,Low,71,0.7,0.01,2,0.221264696,19
SCAFE-E,6,8,1,7,1,0.125,0.222879792,0.235665018,48.492,-123.485,CRD,5.028,5.028,0,5.43,881894,Low,99,0.35,0.06,-1,0.012785226,20
SCAFE-W,6,2,0,5,1,0,,0.244639757,48.492,-123.489,CRD,1.843,1.649,0.11,8.33,533719.8,None,76,0.38,-0.08,3,0.244639757,10
SEYMOUR-S,6,9,0,11,2,0,0.208690705,0.20269883,48.464,-123.465,CRD,3.267,3.022,0.07,3.44,2342245,None,106,0.39,-0.02,2,-0.005991875,17
STEWART,6,6,0,10,2,0,0.23493254,0.230011408,48.496,-123.493,CRD,6.524,5.833,0.11,0.69,476104.7,None,105,0.33,0.02,4,-0.004921132,17
SUMMIT,6,2,0,4,2,0,,0.225878771,48.446,-123.354,City of Victoria,5.882,4.961,0.16,11.26,33108.48,High,92,0.73,0.03,2,0.225878771,6
XMAS,6,4,0,6,1,0,0.193810874,0.211039714,48.474,-123.377,Christmas Hill Nature Sanctuary,8.721,8.721,0,3.44,65270.2,High,112,0.55,0.03,2,0.01722884,9
ALBERT,8,8,5,8,5,0.625,0.239026627,0.239026627,48.391,-123.49,DND,1.173,1.068,0.09,8.44,109130.2,Low,84,0.51,0,0,0,-1
BEAR-A,8,9,6,10,7,0.666666667,0.256586826,0.270119856,48.546,-123.409,CRD,2.146,1.824,0.15,3.64,50181.04,None,78,0.4,0.02,1,0.01353303,14
BEAR-E,8,9,6,10,6,0.666666667,0.256586826,0.256192926,48.546,-123.405,CRD,4.477,3.639,0.19,3.93,28970.14,Low,96,0.35,-0.01,1,-0.0003939,-1
BOULDER-E,8,9,6,12,8,0.666666667,0.244586902,0.252808713,48.505,-123.372,Saanich,1.73,1.68,0.03,4.52,25283.02,None,94,0.44,0.02,3,0.008221811,25
BOULDER-W,8,8,5,9,6,0.625,0.239026627,0.256586826,48.505,-123.375,Saanich,1.113,1.067,0.04,10.17,27006.47,None,79,0.37,0.08,1,0.017560199,15
CAMROSE,8,4,4,7,5,1,0.20461426,0.261897273,48.454,-123.352,Saanich,1.477,1.104,0.25,1.97,69018.49,Low,66,0.7,-0.02,3,0.057283013,-3
CEDAR,8,6,6,9,6,1,0.267786994,0.283100655,48.458,-123.347,Saanich,2.766,2.369,0.14,3.58,77929.92,High,68,0.62,0.04,3,0.015313661,19
CHATTER,8,7,6,9,6,0.857142857,0.226794771,0.247414957,48.491,-123.385,Saanich,1.223,1.089,0.11,2.14,15888.79,Med,84,0.64,-0.06,2,0.020620186,9
DEAN-E,8,8,5,10,6,0.625,0.239026627,0.251205304,48.61,-123.443,BC Parks,0.725,0.725,0,7.95,17421.59,High,82,0.33,0.04,2,0.012178677,8
DEAN-P,8,10,6,12,8,0.6,0.248461793,0.252621074,48.612,-123.442,BC Parks,0.769,0.769,0,9.85,17872.01,High,85,0.29,0.01,2,0.004159282,0
FKING-N,8,8,5,8,5,0.625,0.26244347,0.26244347,48.487,-123.442,CRD,1.355,0.987,0.27,1.74,409167.9,None,80,0.33,0.06,0,0,14
FKING-S,8,7,5,9,6,0.714285714,0.242066434,0.256586826,48.477,-123.45,CRD,1.202,1.202,0,2.58,2171374,None,81,0.36,0.05,2,0.014520392,10
GARIBALDI-W,8,9,5,9,5,0.555555556,0.232493329,0.232493329,48.337,-123.58,DND,5.89,5.86,0.01,1.08,82461.15,None,95,0.28,0.04,0,0,21
GONZALES,8,10,8,11,8,0.8,0.26228793,0.268864595,48.414,-123.325,CRD,1.312,1.101,0.16,2.22,28234.75,Low,95,0.61,0.06,1,0.006576665,1
GORE,8,11,7,11,7,0.636363636,0.260572868,0.260363685,48.567,-123.455,CRD,1.548,1.34,0.13,6.1,39619.77,High,101,0.39,0,0,-0.000209183,-2
HORTH,8,10,7,10,7,0.7,0.24809442,0.24809442,48.683,-123.432,CRD,1.216,0.871,0.28,2.89,22215.26,None,82,0.4,0.02,0,0,15
KNOCKAN-N,8,11,8,13,8,0.727272727,0.248876223,0.25839509,48.47,-123.417,Saanich; Friends of Knockan Hill Park,3.185,2.88,0.1,5.79,49476.64,Med,111,0.51,-0.03,2,0.009518867,4
KNOCKAN-S,8,9,6,11,7,0.666666667,0.251447318,0.262136413,48.469,-123.419,Saanich; Friends of Knockan Hill Park,1.27,1.109,0.13,4.35,62155.21,Low,97,0.6,-0.07,2,0.010689095,6
KONUKSON,8,8,6,10,6,0.75,0.247361386,0.265481389,48.454,-123.274,Saanich,0.595,0.565,0.05,8.31,70719.17,None,73,0.55,-0.14,2,0.018120002,-13
KONUKSON-A,8,8,6,8,5,0.75,0.255684738,0.243087233,48.455,-123.273,Saanich,0.178,0.134,0.25,2.27,72684.95,None,72,0.63,0,0,-0.012597505,-3
LAYRITZ,8,10,7,9,5,0.7,0.266347505,0.261559137,48.49,-123.413,Saanich,4.431,3.491,0.21,2.08,42008.72,None,107,0.51,0.06,-1,-0.004788368,5
LILDOUG,8,10,6,10,6,0.6,0.260851866,0.256192926,48.491,-123.351,Saanich,8.815,8.815,0,0.79,254285.7,High,106,0.42,-0.03,0,-0.00465894,15
MOSSROCK,8,3,3,9,6,1,0.254182219,0.273999474,48.412,-123.346,City of Victoria,2.032,1.978,0.03,7.64,51199.58,Med,82,0.7,0.02,6,0.019817255,17
PEACOCK,8,8,7,8,7,0.875,0.276213562,0.276213562,48.45,-123.353,Saanich,1.146,1.034,0.1,9.92,65664.79,Low,71,0.7,0.01,0,0,19
SCAFE-E,8,10,6,12,8,0.6,0.225296067,0.252621074,48.492,-123.485,CRD,5.028,5.028,0,5.43,881894,Low,99,0.35,0.06,2,0.027325007,20
SCAFE-W,8,9,5,11,7,0.555555556,0.243808874,0.235899782,48.492,-123.489,CRD,1.843,1.649,0.11,8.33,533719.8,None,76,0.38,-0.08,2,-0.007909092,10
SEYMOUR-S,8,9,6,9,6,0.666666667,0.256586826,0.256586826,48.464,-123.465,CRD,3.267,3.022,0.07,3.44,2342245,None,106,0.39,-0.02,0,0,17
STEWART,8,12,6,11,8,0.5,0.233206975,0.260467044,48.496,-123.493,CRD,6.524,5.833,0.11,0.69,476104.7,None,105,0.33,0.02,-1,0.027260069,17
SUMMIT,8,7,7,12,7,1,0.245693473,0.274435141,48.446,-123.354,City of Victoria,5.882,4.961,0.16,11.26,33108.48,High,92,0.73,0.03,5,0.028741669,6
XMAS,8,10,7,13,8,0.7,0.26164132,0.263391623,48.474,-123.377,Christmas Hill Nature Sanctuary,8.721,8.721,0,3.44,65270.2,High,112,0.55,0.03,3,0.001750303,9
ALBERT,9,1,1,2,2,1,,,48.391,-123.49,DND,1.173,1.068,0.09,8.44,109130.2,Low,84,0.51,0,1,0,-1
BEAR-A,9,2,1,2,1,0.5,,,48.546,-123.409,CRD,2.146,1.824,0.15,3.64,50181.04,None,78,0.4,0.02,0,0,14
BEAR-E,9,2,1,2,1,0.5,,,48.546,-123.405,CRD,4.477,3.639,0.19,3.93,28970.14,Low,96,0.35,-0.01,0,0,-1
BOULDER-E,9,2,1,3,2,0.5,,0.242965121,48.505,-123.372,Saanich,1.73,1.68,0.03,4.52,25283.02,None,94,0.44,0.02,1,0.242965121,25
BOULDER-W,9,2,1,3,2,0.5,,0.242965121,48.505,-123.375,Saanich,1.113,1.067,0.04,10.17,27006.47,None,79,0.37,0.08,1,0.242965121,15
CAMROSE,9,2,2,3,3,1,,0.226411913,48.454,-123.352,Saanich,1.477,1.104,0.25,1.97,69018.49,Low,66,0.7,-0.02,1,0.226411913,-3
CEDAR,9,2,1,4,3,0.5,,0.236579745,48.458,-123.347,Saanich,2.766,2.369,0.14,3.58,77929.92,High,68,0.62,0.04,2,0.236579745,19
CHATTER,9,1,1,1,1,1,,,48.491,-123.385,Saanich,1.223,1.089,0.11,2.14,15888.79,Med,84,0.64,-0.06,0,0,9
DEAN-E,9,2,1,2,1,0.5,,,48.61,-123.443,BC Parks,0.725,0.725,0,7.95,17421.59,High,82,0.33,0.04,0,0,8
DEAN-P,9,2,1,2,1,0.5,,,48.612,-123.442,BC Parks,0.769,0.769,0,9.85,17872.01,High,85,0.29,0.01,0,0,0
FKING-N,9,2,1,1,1,0.5,,,48.487,-123.442,CRD,1.355,0.987,0.27,1.74,409167.9,None,80,0.33,0.06,-1,0,14
FKING-S,9,2,1,2,1,0.5,,,48.477,-123.45,CRD,1.202,1.202,0,2.58,2171374,None,81,0.36,0.05,0,0,10
GARIBALDI-W,9,3,1,2,1,0.333333333,0.222170438,,48.337,-123.58,DND,5.89,5.86,0.01,1.08,82461.15,None,95,0.28,0.04,-1,-0.222170438,21
GONZALES,9,5,3,3,3,0.6,0.240225811,0.226411913,48.414,-123.325,CRD,1.312,1.101,0.16,2.22,28234.75,Low,95,0.61,0.06,-2,-0.013813898,1
GORE,9,3,1,3,1,0.333333333,0.222170438,0.222170438,48.567,-123.455,CRD,1.548,1.34,0.13,6.1,39619.77,High,101,0.39,0,0,0,-2
HORTH,9,2,1,2,1,0.5,,,48.683,-123.432,CRD,1.216,0.871,0.28,2.89,22215.26,None,82,0.4,0.02,0,0,15
KNOCKAN-N,9,2,1,3,2,0.5,,0.242965121,48.47,-123.417,Saanich; Friends of Knockan Hill Park,3.185,2.88,0.1,5.79,49476.64,Med,111,0.51,-0.03,1,0.242965121,4
KNOCKAN-S,9,2,2,3,3,1,,0.226411913,48.469,-123.419,Saanich; Friends of Knockan Hill Park,1.27,1.109,0.13,4.35,62155.21,Low,97,0.6,-0.07,1,0.226411913,6
KONUKSON,9,4,3,2,1,0.75,0.236579745,,48.454,-123.274,Saanich,0.595,0.565,0.05,8.31,70719.17,None,73,0.55,-0.14,-2,-0.236579745,-13
KONUKSON-A,9,2,2,1,1,1,,,48.455,-123.273,Saanich,0.178,0.134,0.25,2.27,72684.95,None,72,0.63,0,-1,0,-3
LAYRITZ,9,1,1,2,2,1,,,48.49,-123.413,Saanich,4.431,3.491,0.21,2.08,42008.72,None,107,0.51,0.06,1,0,5
LILDOUG,9,3,2,3,2,0.666666667,0.242965121,0.242965121,48.491,-123.351,Saanich,8.815,8.815,0,0.79,254285.7,High,106,0.42,-0.03,0,0,15
MOSSROCK,9,3,3,4,3,1,0.226411913,0.236579745,48.412,-123.346,City of Victoria,2.032,1.978,0.03,7.64,51199.58,Med,82,0.7,0.02,1,0.010167832,17
PEACOCK,9,3,3,3,3,1,0.226411913,0.226411913,48.45,-123.353,Saanich,1.146,1.034,0.1,9.92,65664.79,Low,71,0.7,0.01,0,0,19
SCAFE-E,9,2,1,2,1,0.5,,,48.492,-123.485,CRD,5.028,5.028,0,5.43,881894,Low,99,0.35,0.06,0,0,20
SCAFE-W,9,2,1,2,1,0.5,,,48.492,-123.489,CRD,1.843,1.649,0.11,8.33,533719.8,None,76,0.38,-0.08,0,0,10
SEYMOUR-S,9,3,1,2,1,0.333333333,0.215961298,,48.464,-123.465,CRD,3.267,3.022,0.07,3.44,2342245,None,106,0.39,-0.02,-1,-0.215961298,17
STEWART,9,2,1,2,1,0.5,,,48.496,-123.493,CRD,6.524,5.833,0.11,0.69,476104.7,None,105,0.33,0.02,0,0,17
SUMMIT,9,4,4,4,4,1,0.27119219,0.27119219,48.446,-123.354,City of Victoria,5.882,4.961,0.16,11.26,33108.48,High,92,0.73,0.03,0,0,6
XMAS,9,4,3,4,3,0.75,0.236579745,0.236579745,48.474,-123.377,Christmas Hill Nature Sanctuary,8.721,8.721,0,3.44,65270.2,High,112,0.55,0.03,0,0,9
ALBERT,10,1,0,1,0,0,,,48.391,-123.49,DND,1.173,1.068,0.09,8.44,109130.2,Low,84,0.51,0,0,0,-1
BEAR-A,10,2,0,1,0,0,,,48.546,-123.409,CRD,2.146,1.824,0.15,3.64,50181.04,None,78,0.4,0.02,-1,0,14
BEAR-E,10,1,0,1,0,0,,,48.546,-123.405,CRD,4.477,3.639,0.19,3.93,28970.14,Low,96,0.35,-0.01,0,0,-1
BOULDER-E,10,2,0,1,0,0,,,48.505,-123.372,Saanich,1.73,1.68,0.03,4.52,25283.02,None,94,0.44,0.02,-1,0,25
BOULDER-W,10,1,0,1,0,0,,,48.505,-123.375,Saanich,1.113,1.067,0.04,10.17,27006.47,None,79,0.37,0.08,0,0,15
CAMROSE,10,1,0,1,0,0,,,48.454,-123.352,Saanich,1.477,1.104,0.25,1.97,69018.49,Low,66,0.7,-0.02,0,0,-3
CEDAR,10,2,0,1,0,0,,,48.458,-123.347,Saanich,2.766,2.369,0.14,3.58,77929.92,High,68,0.62,0.04,-1,0,19
CHATTER,10,1,0,1,0,0,,,48.491,-123.385,Saanich,1.223,1.089,0.11,2.14,15888.79,Med,84,0.64,-0.06,0,0,9
DEAN-E,10,1,0,3,0,0,,0.152782635,48.61,-123.443,BC Parks,0.725,0.725,0,7.95,17421.59,High,82,0.33,0.04,2,0.152782635,8
DEAN-P,10,3,0,2,0,0,0.153321221,,48.612,-123.442,BC Parks,0.769,0.769,0,9.85,17872.01,High,85,0.29,0.01,-1,-0.153321221,0
FKING-N,10,2,0,3,0,0,,0.167849778,48.487,-123.442,CRD,1.355,0.987,0.27,1.74,409167.9,None,80,0.33,0.06,1,0.167849778,14
FKING-S,10,1,0,2,0,0,,,48.477,-123.45,CRD,1.202,1.202,0,2.58,2171374,None,81,0.36,0.05,1,0,10
GARIBALDI-W,10,3,0,1,0,0,0.153822565,,48.337,-123.58,DND,5.89,5.86,0.01,1.08,82461.15,None,95,0.28,0.04,-2,-0.153822565,21
GONZALES,10,3,0,2,0,0,0.212955029,,48.414,-123.325,CRD,1.312,1.101,0.16,2.22,28234.75,Low,95,0.61,0.06,-1,-0.212955029,1
GORE,10,2,0,3,0,0,,0.140827319,48.567,-123.455,CRD,1.548,1.34,0.13,6.1,39619.77,High,101,0.39,0,1,0.140827319,-2
HORTH,10,2,0,2,0,0,,,48.683,-123.432,CRD,1.216,0.871,0.28,2.89,22215.26,None,82,0.4,0.02,0,0,15
KNOCKAN-N,10,2,0,2,0,0,,,48.47,-123.417,Saanich; Friends of Knockan Hill Park,3.185,2.88,0.1,5.79,49476.64,Med,111,0.51,-0.03,0,0,4
KNOCKAN-S,10,2,0,2,0,0,,,48.469,-123.419,Saanich; Friends of Knockan Hill Park,1.27,1.109,0.13,4.35,62155.21,Low,97,0.6,-0.07,0,0,6
KONUKSON,10,2,0,1,0,0,,,48.454,-123.274,Saanich,0.595,0.565,0.05,8.31,70719.17,None,73,0.55,-0.14,-1,0,-13
KONUKSON-A,10,1,0,1,0,0,,,48.455,-123.273,Saanich,0.178,0.134,0.25,2.27,72684.95,None,72,0.63,0,0,0,-3
LAYRITZ,10,2,0,1,0,0,,,48.49,-123.413,Saanich,4.431,3.491,0.21,2.08,42008.72,None,107,0.51,0.06,-1,0,5
LILDOUG,10,2,0,1,0,0,,,48.491,-123.351,Saanich,8.815,8.815,0,0.79,254285.7,High,106,0.42,-0.03,-1,0,15
MOSSROCK,10,2,0,2,0,0,,,48.412,-123.346,City of Victoria,2.032,1.978,0.03,7.64,51199.58,Med,82,0.7,0.02,0,0,17
PEACOCK,10,1,0,2,1,0,,,48.45,-123.353,Saanich,1.146,1.034,0.1,9.92,65664.79,Low,71,0.7,0.01,1,0,19
SCAFE-E,10,3,0,3,0,0,0.152782635,0.152782635,48.492,-123.485,CRD,5.028,5.028,0,5.43,881894,Low,99,0.35,0.06,0,0,20
SCAFE-W,10,1,0,1,0,0,,,48.492,-123.489,CRD,1.843,1.649,0.11,8.33,533719.8,None,76,0.38,-0.08,0,0,10
SEYMOUR-S,10,2,0,2,0,0,,,48.464,-123.465,CRD,3.267,3.022,0.07,3.44,2342245,None,106,0.39,-0.02,0,0,17
STEWART,10,2,0,1,0,0,,,48.496,-123.493,CRD,6.524,5.833,0.11,0.69,476104.7,None,105,0.33,0.02,-1,0,17
SUMMIT,10,1,0,1,0,0,,,48.446,-123.354,City of Victoria,5.882,4.961,0.16,11.26,33108.48,High,92,0.73,0.03,0,0,6
XMAS,10,2,0,2,0,0,,,48.474,-123.377,Christmas Hill Nature Sanctuary,8.721,8.721,0,3.44,65270.2,High,112,0.55,0.03,0,0,9
ALBERT,12,4,2,2,1,0.5,0.196834605,,48.391,-123.49,DND,1.173,1.068,0.09,8.44,109130.2,Low,84,0.51,0,-2,-0.196834605,-1
BEAR-A,12,4,2,3,1,0.5,0.243860567,0.233272019,48.546,-123.409,CRD,2.146,1.824,0.15,3.64,50181.04,None,78,0.4,0.02,-1,-0.010588547,14
BEAR-E,12,5,2,4,2,0.4,0.255087686,0.2101394,48.546,-123.405,CRD,4.477,3.639,0.19,3.93,28970.14,Low,96,0.35,-0.01,-1,-0.044948286,-1
BOULDER-E,12,6,2,8,4,0.333333333,0.22216487,0.229545191,48.505,-123.372,Saanich,1.73,1.68,0.03,4.52,25283.02,None,94,0.44,0.02,2,0.007380321,25
BOULDER-W,12,4,3,4,3,0.75,0.254998294,0.254998294,48.505,-123.375,Saanich,1.113,1.067,0.04,10.17,27006.47,None,79,0.37,0.08,0,0,15
CAMROSE,12,4,1,1,0,0.25,0.195192605,,48.454,-123.352,Saanich,1.477,1.104,0.25,1.97,69018.49,Low,66,0.7,-0.02,-3,-0.195192605,-3
CEDAR,12,3,1,3,2,0.333333333,0.233272019,0.229651036,48.458,-123.347,Saanich,2.766,2.369,0.14,3.58,77929.92,High,68,0.62,0.04,0,-0.003620983,19
CHATTER,12,3,1,3,1,0.333333333,0.178230731,0.178230731,48.491,-123.385,Saanich,1.223,1.089,0.11,2.14,15888.79,Med,84,0.64,-0.06,0,0,9
DEAN-E,12,3,2,4,2,0.666666667,0.229651036,0.2101394,48.61,-123.443,BC Parks,0.725,0.725,0,7.95,17421.59,High,82,0.33,0.04,1,-0.019511636,8
DEAN-P,12,2,2,5,2,1,,0.203192958,48.612,-123.442,BC Parks,0.769,0.769,0,9.85,17872.01,High,85,0.29,0.01,3,0.203192958,0
FKING-N,12,4,2,3,2,0.5,0.22853397,0.178440403,48.487,-123.442,CRD,1.355,0.987,0.27,1.74,409167.9,None,80,0.33,0.06,-1,-0.050093568,14
FKING-S,12,3,1,3,1,0.333333333,0.233272019,0.233272019,48.477,-123.45,CRD,1.202,1.202,0,2.58,2171374,None,81,0.36,0.05,0,0,10
GARIBALDI-W,12,4,1,3,1,0.25,0.216677322,0.25128447,48.337,-123.58,DND,5.89,5.86,0.01,1.08,82461.15,None,95,0.28,0.04,-1,0.034607148,21
GONZALES,12,5,2,2,1,0.4,0.182386194,,48.414,-123.325,CRD,1.312,1.101,0.16,2.22,28234.75,Low,95,0.61,0.06,-3,-0.182386194,1
GORE,12,6,2,5,2,0.333333333,0.22216487,0.203192958,48.567,-123.455,CRD,1.548,1.34,0.13,6.1,39619.77,High,101,0.39,0,-1,-0.018971912,-2
HORTH,12,4,2,4,2,0.5,0.243860567,0.243860567,48.683,-123.432,CRD,1.216,0.871,0.28,2.89,22215.26,None,82,0.4,0.02,0,0,15
KNOCKAN-N,12,7,2,5,2,0.285714286,0.223420925,0.225278062,48.47,-123.417,Saanich; Friends of Knockan Hill Park,3.185,2.88,0.1,5.79,49476.64,Med,111,0.51,-0.03,-2,0.001857137,4
KNOCKAN-S,12,4,2,4,1,0.5,0.2101394,0.195192605,48.469,-123.419,Saanich; Friends of Knockan Hill Park,1.27,1.109,0.13,4.35,62155.21,Low,97,0.6,-0.07,0,-0.014946795,6
KONUKSON,12,2,0,2,1,0,,,48.454,-123.274,Saanich,0.595,0.565,0.05,8.31,70719.17,None,73,0.55,-0.14,0,0,-13
KONUKSON-A,12,4,2,3,1,0.5,0.2101394,0.188528815,48.455,-123.273,Saanich,0.178,0.134,0.25,2.27,72684.95,None,72,0.63,0,-1,-0.021610585,-3
LAYRITZ,12,6,4,5,2,0.666666667,0.217689058,0.228352826,48.49,-123.413,Saanich,4.431,3.491,0.21,2.08,42008.72,None,107,0.51,0.06,-1,0.010663768,5
LILDOUG,12,5,3,5,3,0.6,0.231353191,0.231353191,48.491,-123.351,Saanich,8.815,8.815,0,0.79,254285.7,High,106,0.42,-0.03,0,0,15
MOSSROCK,12,3,1,5,2,0.333333333,0.178230731,0.206872072,48.412,-123.346,City of Victoria,2.032,1.978,0.03,7.64,51199.58,Med,82,0.7,0.02,2,0.028641341,17
PEACOCK,12,4,1,6,2,0.25,0.177756807,0.197364502,48.45,-123.353,Saanich,1.146,1.034,0.1,9.92,65664.79,Low,71,0.7,0.01,2,0.019607695,19
SCAFE-E,12,4,2,6,3,0.5,0.22853397,0.229045053,48.492,-123.485,CRD,5.028,5.028,0,5.43,881894,Low,99,0.35,0.06,2,0.000511083,20
SCAFE-W,12,3,2,2,1,0.666666667,0.229651036,,48.492,-123.489,CRD,1.843,1.649,0.11,8.33,533719.8,None,76,0.38,-0.08,-1,-0.229651036,10
SEYMOUR-S,12,4,2,5,2,0.5,0.2101394,0.203192958,48.464,-123.465,CRD,3.267,3.022,0.07,3.44,2342245,None,106,0.39,-0.02,1,-0.006946442,17
STEWART,12,3,2,4,2,0.666666667,0.229651036,0.2101394,48.496,-123.493,CRD,6.524,5.833,0.11,0.69,476104.7,None,105,0.33,0.02,1,-0.019511636,17
SUMMIT,12,6,3,5,3,0.5,0.192747457,0.205410937,48.446,-123.354,City of Victoria,5.882,4.961,0.16,11.26,33108.48,High,92,0.73,0.03,-1,0.01266348,6
XMAS,12,7,4,8,5,0.571428571,0.225113798,0.218384388,48.474,-123.377,Christmas Hill Nature Sanctuary,8.721,8.721,0,3.44,65270.2,High,112,0.55,0.03,1,-0.00672941,9
ALBERT,13,4,0,5,1,0,0.233972243,0.203854742,48.391,-123.49,DND,1.173,1.068,0.09,8.44,109130.2,Low,84,0.51,0,1,-0.030117501,-1
BEAR-A,13,2,0,4,1,0,,0.202776227,48.546,-123.409,CRD,2.146,1.824,0.15,3.64,50181.04,None,78,0.4,0.02,2,0.202776227,14
BEAR-E,13,3,0,4,0,0,0.212802704,0.222037859,48.546,-123.405,CRD,4.477,3.639,0.19,3.93,28970.14,Low,96,0.35,-0.01,1,0.009235156,-1
BOULDER-E,13,4,0,6,1,0,0.233972243,0.217359638,48.505,-123.372,Saanich,1.73,1.68,0.03,4.52,25283.02,None,94,0.44,0.02,2,-0.016612605,25
BOULDER-W,13,4,0,4,0,0,0.233972243,0.224486447,48.505,-123.375,Saanich,1.113,1.067,0.04,10.17,27006.47,None,79,0.37,0.08,0,-0.009485797,15
CAMROSE,13,,,,,,,,48.454,-123.352,Saanich,1.477,1.104,0.25,1.97,69018.49,Low,66,0.7,-0.02,0,0,-3
CEDAR,13,2,0,1,1,0,,,48.458,-123.347,Saanich,2.766,2.369,0.14,3.58,77929.92,High,68,0.62,0.04,-1,0,19
CHATTER,13,2,0,3,0,0,,0.206468328,48.491,-123.385,Saanich,1.223,1.089,0.11,2.14,15888.79,Med,84,0.64,-0.06,1,0.206468328,9
DEAN-E,13,4,0,3,0,0,0.233972243,0.222976815,48.61,-123.443,BC Parks,0.725,0.725,0,7.95,17421.59,High,82,0.33,0.04,-1,-0.010995428,8
DEAN-P,13,4,0,5,0,0,0.233972243,0.231030724,48.612,-123.442,BC Parks,0.769,0.769,0,9.85,17872.01,High,85,0.29,0.01,1,-0.002941519,0
FKING-N,13,4,0,6,1,0,0.233972243,0.217359638,48.487,-123.442,CRD,1.355,0.987,0.27,1.74,409167.9,None,80,0.33,0.06,2,-0.016612605,14
FKING-S,13,3,0,5,1,0,0.212802704,0.209498338,48.477,-123.45,CRD,1.202,1.202,0,2.58,2171374,None,81,0.36,0.05,2,-0.003304366,10
GARIBALDI-W,13,4,0,4,0,0,0.233972243,0.224486447,48.337,-123.58,DND,5.89,5.86,0.01,1.08,82461.15,None,95,0.28,0.04,0,-0.009485797,21
GONZALES,13,4,2,5,2,0.5,0.236430369,0.249372627,48.414,-123.325,CRD,1.312,1.101,0.16,2.22,28234.75,Low,95,0.61,0.06,1,0.012942258,1
GORE,13,3,0,3,0,0,0.212802704,0.212802704,48.567,-123.455,CRD,1.548,1.34,0.13,6.1,39619.77,High,101,0.39,0,0,0,-2
HORTH,13,3,0,2,0,0,0.233443376,,48.683,-123.432,CRD,1.216,0.871,0.28,2.89,22215.26,None,82,0.4,0.02,-1,-0.233443376,15
KNOCKAN-N,13,4,1,2,0,0.25,0.220082552,,48.47,-123.417,Saanich; Friends of Knockan Hill Park,3.185,2.88,0.1,5.79,49476.64,Med,111,0.51,-0.03,-2,-0.220082552,4
KNOCKAN-S,13,3,2,2,1,0.666666667,0.175281149,,48.469,-123.419,Saanich; Friends of Knockan Hill Park,1.27,1.109,0.13,4.35,62155.21,Low,97,0.6,-0.07,-1,-0.175281149,6
KONUKSON,13,1,0,1,0,0,,,48.454,-123.274,Saanich,0.595,0.565,0.05,8.31,70719.17,None,73,0.55,-0.14,0,0,-13
KONUKSON-A,13,2,0,1,0,0,,,48.455,-123.273,Saanich,0.178,0.134,0.25,2.27,72684.95,None,72,0.63,0,-1,0,-3
LAYRITZ,13,3,0,4,0,0,0.233443376,0.233972243,48.49,-123.413,Saanich,4.431,3.491,0.21,2.08,42008.72,None,107,0.51,0.06,1,0.000528867,5
LILDOUG,13,3,0,5,1,0,0.233443376,0.221818345,48.491,-123.351,Saanich,8.815,8.815,0,0.79,254285.7,High,106,0.42,-0.03,2,-0.011625032,15
MOSSROCK,13,3,1,3,1,0.333333333,0.203603356,0.192946396,48.412,-123.346,City of Victoria,2.032,1.978,0.03,7.64,51199.58,Med,82,0.7,0.02,0,-0.01065696,17
PEACOCK,13,2,1,2,1,0.5,,,48.45,-123.353,Saanich,1.146,1.034,0.1,9.92,65664.79,Low,71,0.7,0.01,0,0,19
SCAFE-E,13,5,0,6,0,0,0.229276768,0.22736051,48.492,-123.485,CRD,5.028,5.028,0,5.43,881894,Low,99,0.35,0.06,1,-0.001916258,20
SCAFE-W,13,3,0,4,0,0,0.222976815,0.224486447,48.492,-123.489,CRD,1.843,1.649,0.11,8.33,533719.8,None,76,0.38,-0.08,1,0.001509631,10
SEYMOUR-S,13,3,0,5,0,0,0.212802704,0.231030724,48.464,-123.465,CRD,3.267,3.022,0.07,3.44,2342245,None,106,0.39,-0.02,2,0.018228021,17
STEWART,13,4,0,5,0,0,0.233972243,0.231030724,48.496,-123.493,CRD,6.524,5.833,0.11,0.69,476104.7,None,105,0.33,0.02,1,-0.002941519,17
SUMMIT,13,1,1,1,0,1,,,48.446,-123.354,City of Victoria,5.882,4.961,0.16,11.26,33108.48,High,92,0.73,0.03,0,0,6
XMAS,13,3,0,5,0,0,0.233443376,0.229382787,48.474,-123.377,Christmas Hill Nature Sanctuary,8.721,8.721,0,3.44,65270.2,High,112,0.55,0.03,2,-0.00406059,9
ALBERT,15,,,,,,,,48.391,-123.49,DND,1.173,1.068,0.09,8.44,109130.2,Low,84,0.51,0,0,0,-1
BEAR-A,15,1,0,1,0,0,,,48.546,-123.409,CRD,2.146,1.824,0.15,3.64,50181.04,None,78,0.4,0.02,0,0,14
BEAR-E,15,4,0,3,0,0,0.16083729,0.182240186,48.546,-123.405,CRD,4.477,3.639,0.19,3.93,28970.14,Low,96,0.35,-0.01,-1,0.021402896,-1
BOULDER-E,15,,,1,0,,,,48.505,-123.372,Saanich,1.73,1.68,0.03,4.52,25283.02,None,94,0.44,0.02,1,0,25
BOULDER-W,15,1,0,,,0,,,48.505,-123.375,Saanich,1.113,1.067,0.04,10.17,27006.47,None,79,0.37,0.08,-1,0,15
CAMROSE,15,,,,,,,,48.454,-123.352,Saanich,1.477,1.104,0.25,1.97,69018.49,Low,66,0.7,-0.02,0,0,-3
CEDAR,15,,,,,,,,48.458,-123.347,Saanich,2.766,2.369,0.14,3.58,77929.92,High,68,0.62,0.04,0,0,19
CHATTER,15,3,1,2,0,0.333333333,0.202399466,,48.491,-123.385,Saanich,1.223,1.089,0.11,2.14,15888.79,Med,84,0.64,-0.06,-1,-0.202399466,9
DEAN-E,15,,,1,0,,,,48.61,-123.443,BC Parks,0.725,0.725,0,7.95,17421.59,High,82,0.33,0.04,1,0,8
DEAN-P,15,1,0,2,0,0,,,48.612,-123.442,BC Parks,0.769,0.769,0,9.85,17872.01,High,85,0.29,0.01,1,0,0
FKING-N,15,,,,,,,,48.487,-123.442,CRD,1.355,0.987,0.27,1.74,409167.9,None,80,0.33,0.06,0,0,14
FKING-S,15,2,0,1,0,0,,,48.477,-123.45,CRD,1.202,1.202,0,2.58,2171374,None,81,0.36,0.05,-1,0,10
GARIBALDI-W,15,,,1,0,,,,48.337,-123.58,DND,5.89,5.86,0.01,1.08,82461.15,None,95,0.28,0.04,1,0,21
GONZALES,15,1,1,,,1,,,48.414,-123.325,CRD,1.312,1.101,0.16,2.22,28234.75,Low,95,0.61,0.06,-1,0,1
GORE,15,2,0,1,0,0,,,48.567,-123.455,CRD,1.548,1.34,0.13,6.1,39619.77,High,101,0.39,0,-1,0,-2
HORTH,15,,,,,,,,48.683,-123.432,CRD,1.216,0.871,0.28,2.89,22215.26,None,82,0.4,0.02,0,0,15
KNOCKAN-N,15,1,0,,,0,,,48.47,-123.417,Saanich; Friends of Knockan Hill Park,3.185,2.88,0.1,5.79,49476.64,Med,111,0.51,-0.03,-1,0,4
KNOCKAN-S,15,1,0,1,0,0,,,48.469,-123.419,Saanich; Friends of Knockan Hill Park,1.27,1.109,0.13,4.35,62155.21,Low,97,0.6,-0.07,0,0,6
KONUKSON,15,,,,,,,,48.454,-123.274,Saanich,0.595,0.565,0.05,8.31,70719.17,None,73,0.55,-0.14,0,0,-13
KONUKSON-A,15,,,,,,,,48.455,-123.273,Saanich,0.178,0.134,0.25,2.27,72684.95,None,72,0.63,0,0,0,-3
LAYRITZ,15,,,,,,,,48.49,-123.413,Saanich,4.431,3.491,0.21,2.08,42008.72,None,107,0.51,0.06,0,0,5
LILDOUG,15,2,0,1,0,0,,,48.491,-123.351,Saanich,8.815,8.815,0,0.79,254285.7,High,106,0.42,-0.03,-1,0,15
MOSSROCK,15,,,1,0,,,,48.412,-123.346,City of Victoria,2.032,1.978,0.03,7.64,51199.58,Med,82,0.7,0.02,1,0,17
PEACOCK,15,,,,,,,,48.45,-123.353,Saanich,1.146,1.034,0.1,9.92,65664.79,Low,71,0.7,0.01,0,0,19
SCAFE-E,15,1,0,1,0,0,,,48.492,-123.485,CRD,5.028,5.028,0,5.43,881894,Low,99,0.35,0.06,0,0,20
SCAFE-W,15,,,,,,,,48.492,-123.489,CRD,1.843,1.649,0.11,8.33,533719.8,None,76,0.38,-0.08,0,0,10
SEYMOUR-S,15,,,1,0,,,,48.464,-123.465,CRD,3.267,3.022,0.07,3.44,2342245,None,106,0.39,-0.02,1,0,17
STEWART,15,3,0,3,0,0,0.167941619,0.182240186,48.496,-123.493,CRD,6.524,5.833,0.11,0.69,476104.7,None,105,0.33,0.02,0,0.014298567,17
SUMMIT,15,1,1,1,1,1,,,48.446,-123.354,City of Victoria,5.882,4.961,0.16,11.26,33108.48,High,92,0.73,0.03,0,0,6
XMAS,15,1,0,1,0,0,,,48.474,-123.377,Christmas Hill Nature Sanctuary,8.721,8.721,0,3.44,65270.2,High,112,0.55,0.03,0,0,9
ALBERT,16,2,2,3,2,1,,0.213220545,48.391,-123.49,DND,1.173,1.068,0.09,8.44,109130.2,Low,84,0.51,0,1,0.213220545,-1
BEAR-A,16,3,1,4,1,0.333333333,0.232430713,0.197710426,48.546,-123.409,CRD,2.146,1.824,0.15,3.64,50181.04,None,78,0.4,0.02,1,-0.034720287,14
BEAR-E,16,3,1,4,1,0.333333333,0.232430713,0.197710426,48.546,-123.405,CRD,4.477,3.639,0.19,3.93,28970.14,Low,96,0.35,-0.01,1,-0.034720287,-1
BOULDER-E,16,2,1,4,1,0.5,,0.197710426,48.505,-123.372,Saanich,1.73,1.68,0.03,4.52,25283.02,None,94,0.44,0.02,2,0.197710426,25
BOULDER-W,16,3,1,4,1,0.333333333,0.232430713,0.197710426,48.505,-123.375,Saanich,1.113,1.067,0.04,10.17,27006.47,None,79,0.37,0.08,1,-0.034720287,15
CAMROSE,16,1,1,3,2,1,,0.203276474,48.454,-123.352,Saanich,1.477,1.104,0.25,1.97,69018.49,Low,66,0.7,-0.02,2,0.203276474,-3
CEDAR,16,2,1,2,1,0.5,,,48.458,-123.347,Saanich,2.766,2.369,0.14,3.58,77929.92,High,68,0.62,0.04,0,0,19
CHATTER,16,2,2,2,2,1,,,48.491,-123.385,Saanich,1.223,1.089,0.11,2.14,15888.79,Med,84,0.64,-0.06,0,0,9
DEAN-E,16,3,1,3,1,0.333333333,0.232430713,0.232430713,48.61,-123.443,BC Parks,0.725,0.725,0,7.95,17421.59,High,82,0.33,0.04,0,0,8
DEAN-P,16,3,1,3,1,0.333333333,0.232430713,0.232430713,48.612,-123.442,BC Parks,0.769,0.769,0,9.85,17872.01,High,85,0.29,0.01,0,0,0
FKING-N,16,2,0,1,0,0,,,48.487,-123.442,CRD,1.355,0.987,0.27,1.74,409167.9,None,80,0.33,0.06,-1,0,14
FKING-S,16,3,1,3,1,0.333333333,0.232430713,0.232430713,48.477,-123.45,CRD,1.202,1.202,0,2.58,2171374,None,81,0.36,0.05,0,0,10
GARIBALDI-W,16,5,2,5,2,0.4,0.192125391,0.192125391,48.337,-123.58,DND,5.89,5.86,0.01,1.08,82461.15,None,95,0.28,0.04,0,0,21
GONZALES,16,4,4,4,4,1,0.211596064,0.211596064,48.414,-123.325,CRD,1.312,1.101,0.16,2.22,28234.75,Low,95,0.61,0.06,0,0,1
GORE,16,3,1,4,1,0.333333333,0.232430713,0.197710426,48.567,-123.455,CRD,1.548,1.34,0.13,6.1,39619.77,High,101,0.39,0,1,-0.034720287,-2
HORTH,16,4,2,4,2,0.5,0.210597128,0.210597128,48.683,-123.432,CRD,1.216,0.871,0.28,2.89,22215.26,None,82,0.4,0.02,0,0,15
KNOCKAN-N,16,4,3,5,3,0.75,0.173340461,0.209811375,48.47,-123.417,Saanich; Friends of Knockan Hill Park,3.185,2.88,0.1,5.79,49476.64,Med,111,0.51,-0.03,1,0.036470914,4
KNOCKAN-S,16,4,2,3,2,0.5,0.210597128,0.213220545,48.469,-123.419,Saanich; Friends of Knockan Hill Park,1.27,1.109,0.13,4.35,62155.21,Low,97,0.6,-0.07,-1,0.002623416,6
KONUKSON,16,3,3,4,2,1,0.233413566,0.211261309,48.454,-123.274,Saanich,0.595,0.565,0.05,8.31,70719.17,None,73,0.55,-0.14,1,-0.022152256,-13
KONUKSON-A,16,4,3,2,1,0.75,0.217339467,,48.455,-123.273,Saanich,0.178,0.134,0.25,2.27,72684.95,None,72,0.63,0,-2,-0.217339467,-3
LAYRITZ,16,4,2,5,2,0.5,0.210597128,0.192125391,48.49,-123.413,Saanich,4.431,3.491,0.21,2.08,42008.72,None,107,0.51,0.06,1,-0.018471738,5
LILDOUG,16,5,3,6,3,0.6,0.208327287,0.198105316,48.491,-123.351,Saanich,8.815,8.815,0,0.79,254285.7,High,106,0.42,-0.03,1,-0.010221971,15
MOSSROCK,16,4,4,4,4,1,0.211596064,0.211596064,48.412,-123.346,City of Victoria,2.032,1.978,0.03,7.64,51199.58,Med,82,0.7,0.02,0,0,17
PEACOCK,16,4,4,4,4,1,0.211596064,0.211596064,48.45,-123.353,Saanich,1.146,1.034,0.1,9.92,65664.79,Low,71,0.7,0.01,0,0,19
SCAFE-E,16,3,1,4,1,0.333333333,0.232430713,0.197710426,48.492,-123.485,CRD,5.028,5.028,0,5.43,881894,Low,99,0.35,0.06,1,-0.034720287,20
SCAFE-W,16,3,1,3,1,0.333333333,0.232430713,0.232430713,48.492,-123.489,CRD,1.843,1.649,0.11,8.33,533719.8,None,76,0.38,-0.08,0,0,10
SEYMOUR-S,16,3,1,4,2,0.333333333,0.232430713,0.217219728,48.464,-123.465,CRD,3.267,3.022,0.07,3.44,2342245,None,106,0.39,-0.02,1,-0.015210986,17
STEWART,16,4,2,6,3,0.5,0.210597128,0.196073872,48.496,-123.493,CRD,6.524,5.833,0.11,0.69,476104.7,None,105,0.33,0.02,2,-0.014523256,17
SUMMIT,16,4,4,3,3,1,0.211596064,0.212176654,48.446,-123.354,City of Victoria,5.882,4.961,0.16,11.26,33108.48,High,92,0.73,0.03,-1,0.00058059,6
XMAS,16,2,2,4,3,1,,0.224099783,48.474,-123.377,Christmas Hill Nature Sanctuary,8.721,8.721,0,3.44,65270.2,High,112,0.55,0.03,2,0.224099783,9
ALBERT,17,8,6,9,6,0.75,0.220329564,0.214231141,48.391,-123.49,DND,1.173,1.068,0.09,8.44,109130.2,Low,84,0.51,0,1,-0.006098424,-1
BEAR-A,17,4,3,5,3,0.75,0.20797013,0.203919283,48.546,-123.409,CRD,2.146,1.824,0.15,3.64,50181.04,None,78,0.4,0.02,1,-0.004050848,14
BEAR-E,17,5,4,4,3,0.8,0.206544297,0.195522132,48.546,-123.405,CRD,4.477,3.639,0.19,3.93,28970.14,Low,96,0.35,-0.01,-1,-0.011022165,-1
BOULDER-E,17,5,5,9,8,1,0.200471004,0.209049817,48.505,-123.372,Saanich,1.73,1.68,0.03,4.52,25283.02,None,94,0.44,0.02,4,0.008578813,25
BOULDER-W,17,5,4,6,5,0.8,0.207214095,0.205363445,48.505,-123.375,Saanich,1.113,1.067,0.04,10.17,27006.47,None,79,0.37,0.08,1,-0.001850649,15
CAMROSE,17,11,10,7,7,0.909090909,0.20981888,0.206341967,48.454,-123.352,Saanich,1.477,1.104,0.25,1.97,69018.49,Low,66,0.7,-0.02,-4,-0.003476912,-3
CEDAR,17,10,9,10,9,0.9,0.214520987,0.202854045,48.458,-123.347,Saanich,2.766,2.369,0.14,3.58,77929.92,High,68,0.62,0.04,0,-0.011666941,19
CHATTER,17,7,7,9,8,1,0.1837871,0.187437738,48.491,-123.385,Saanich,1.223,1.089,0.11,2.14,15888.79,Med,84,0.64,-0.06,2,0.003650638,9
DEAN-E,17,2,2,4,3,1,,0.214877176,48.61,-123.443,BC Parks,0.725,0.725,0,7.95,17421.59,High,82,0.33,0.04,2,0.214877176,8
DEAN-P,17,2,2,4,3,1,,0.172393585,48.612,-123.442,BC Parks,0.769,0.769,0,9.85,17872.01,High,85,0.29,0.01,2,0.172393585,0
FKING-N,17,3,2,4,2,0.666666667,0.197949534,0.180792709,48.487,-123.442,CRD,1.355,0.987,0.27,1.74,409167.9,None,80,0.33,0.06,1,-0.017156825,14
FKING-S,17,3,2,5,3,0.666666667,0.219965159,0.220675182,48.477,-123.45,CRD,1.202,1.202,0,2.58,2171374,None,81,0.36,0.05,2,0.000710023,10
GARIBALDI-W,17,5,4,6,4,0.8,0.196134074,0.195742416,48.337,-123.58,DND,5.89,5.86,0.01,1.08,82461.15,None,95,0.28,0.04,1,-0.000391658,21
GONZALES,17,9,8,8,7,0.888888889,0.211863888,0.187661098,48.414,-123.325,CRD,1.312,1.101,0.16,2.22,28234.75,Low,95,0.61,0.06,-1,-0.02420279,1
GORE,17,5,5,8,5,1,0.214045291,0.19869168,48.567,-123.455,CRD,1.548,1.34,0.13,6.1,39619.77,High,101,0.39,0,3,-0.015353612,-2
HORTH,17,5,4,5,5,0.8,0.214375543,0.208529672,48.683,-123.432,CRD,1.216,0.871,0.28,2.89,22215.26,None,82,0.4,0.02,0,-0.005845872,15
KNOCKAN-N,17,9,9,8,7,1,0.199331968,0.20546746,48.47,-123.417,Saanich; Friends of Knockan Hill Park,3.185,2.88,0.1,5.79,49476.64,Med,111,0.51,-0.03,-1,0.006135492,4
KNOCKAN-S,17,10,9,10,8,0.9,0.213862063,0.213673165,48.469,-123.419,Saanich; Friends of Knockan Hill Park,1.27,1.109,0.13,4.35,62155.21,Low,97,0.6,-0.07,0,-0.000188899,6
KONUKSON,17,9,9,10,9,1,0.193279337,0.189197463,48.454,-123.274,Saanich,0.595,0.565,0.05,8.31,70719.17,None,73,0.55,-0.14,1,-0.004081874,-13
KONUKSON-A,17,6,6,3,3,1,0.179484555,0.212534319,48.455,-123.273,Saanich,0.178,0.134,0.25,2.27,72684.95,None,72,0.63,0,-3,0.033049764,-3
LAYRITZ,17,11,9,11,8,0.818181818,0.200918555,0.19281699,48.49,-123.413,Saanich,4.431,3.491,0.21,2.08,42008.72,None,107,0.51,0.06,0,-0.008101565,5
LILDOUG,17,5,5,8,7,1,0.198808692,0.183605203,48.491,-123.351,Saanich,8.815,8.815,0,0.79,254285.7,High,106,0.42,-0.03,3,-0.01520349,15
MOSSROCK,17,9,8,11,9,0.888888889,0.211863888,0.203351245,48.412,-123.346,City of Victoria,2.032,1.978,0.03,7.64,51199.58,Med,82,0.7,0.02,2,-0.008512643,17
PEACOCK,17,10,9,12,10,0.9,0.213862063,0.205039506,48.45,-123.353,Saanich,1.146,1.034,0.1,9.92,65664.79,Low,71,0.7,0.01,2,-0.008822557,19
SCAFE-E,17,4,3,6,4,0.75,0.20797013,0.210044846,48.492,-123.485,CRD,5.028,5.028,0,5.43,881894,Low,99,0.35,0.06,2,0.002074716,20
SCAFE-W,17,4,4,5,4,1,0.171886457,0.193492906,48.492,-123.489,CRD,1.843,1.649,0.11,8.33,533719.8,None,76,0.38,-0.08,1,0.021606449,10
SEYMOUR-S,17,5,4,9,7,0.8,0.216257365,0.206238064,48.464,-123.465,CRD,3.267,3.022,0.07,3.44,2342245,None,106,0.39,-0.02,4,-0.010019302,17
STEWART,17,5,4,7,5,0.8,0.196134074,0.202793296,48.496,-123.493,CRD,6.524,5.833,0.11,0.69,476104.7,None,105,0.33,0.02,2,0.006659222,17
SUMMIT,17,8,7,9,8,0.875,0.200848886,0.198198908,48.446,-123.354,City of Victoria,5.882,4.961,0.16,11.26,33108.48,High,92,0.73,0.03,1,-0.002649978,6
XMAS,17,10,9,10,8,0.9,0.210766953,0.207874162,48.474,-123.377,Christmas Hill Nature Sanctuary,8.721,8.721,0,3.44,65270.2,High,112,0.55,0.03,0,-0.002892791,9
ALBERT,18,1,0,,,0,,,48.391,-123.49,DND,1.173,1.068,0.09,8.44,109130.2,Low,84,0.51,0,-1,0,-1
BEAR-A,18,,,2,1,,,,48.546,-123.409,CRD,2.146,1.824,0.15,3.64,50181.04,None,78,0.4,0.02,2,0,14
BEAR-E,18,,,2,1,,,,48.546,-123.405,CRD,4.477,3.639,0.19,3.93,28970.14,Low,96,0.35,-0.01,2,0,-1
BOULDER-E,18,1,0,3,1,0,,0.189283742,48.505,-123.372,Saanich,1.73,1.68,0.03,4.52,25283.02,None,94,0.44,0.02,2,0.189283742,25
BOULDER-W,18,,,1,0,,,,48.505,-123.375,Saanich,1.113,1.067,0.04,10.17,27006.47,None,79,0.37,0.08,1,0,15
CAMROSE,18,,,1,1,,,,48.454,-123.352,Saanich,1.477,1.104,0.25,1.97,69018.49,Low,66,0.7,-0.02,1,0,-3
CEDAR,18,,,,,,,,48.458,-123.347,Saanich,2.766,2.369,0.14,3.58,77929.92,High,68,0.62,0.04,0,0,19
CHATTER,18,1,0,2,1,0,,,48.491,-123.385,Saanich,1.223,1.089,0.11,2.14,15888.79,Med,84,0.64,-0.06,1,0,9
DEAN-E,18,1,0,,,0,,,48.61,-123.443,BC Parks,0.725,0.725,0,7.95,17421.59,High,82,0.33,0.04,-1,0,8
DEAN-P,18,,,1,1,,,,48.612,-123.442,BC Parks,0.769,0.769,0,9.85,17872.01,High,85,0.29,0.01,1,0,0
FKING-N,18,,,,,,,,48.487,-123.442,CRD,1.355,0.987,0.27,1.74,409167.9,None,80,0.33,0.06,0,0,14
FKING-S,18,,,,,,,,48.477,-123.45,CRD,1.202,1.202,0,2.58,2171374,None,81,0.36,0.05,0,0,10
GARIBALDI-W,18,,,1,0,,,,48.337,-123.58,DND,5.89,5.86,0.01,1.08,82461.15,None,95,0.28,0.04,1,0,21
GONZALES,18,1,1,2,1,1,,,48.414,-123.325,CRD,1.312,1.101,0.16,2.22,28234.75,Low,95,0.61,0.06,1,0,1
GORE,18,,,2,0,,,,48.567,-123.455,CRD,1.548,1.34,0.13,6.1,39619.77,High,101,0.39,0,2,0,-2
HORTH,18,1,0,1,0,0,,,48.683,-123.432,CRD,1.216,0.871,0.28,2.89,22215.26,None,82,0.4,0.02,0,0,15
KNOCKAN-N,18,2,1,2,1,0.5,,,48.47,-123.417,Saanich; Friends of Knockan Hill Park,3.185,2.88,0.1,5.79,49476.64,Med,111,0.51,-0.03,0,0,4
KNOCKAN-S,18,1,0,2,1,0,,,48.469,-123.419,Saanich; Friends of Knockan Hill Park,1.27,1.109,0.13,4.35,62155.21,Low,97,0.6,-0.07,1,0,6
KONUKSON,18,,,1,1,,,,48.454,-123.274,Saanich,0.595,0.565,0.05,8.31,70719.17,None,73,0.55,-0.14,1,0,-13
KONUKSON-A,18,,,1,1,,,,48.455,-123.273,Saanich,0.178,0.134,0.25,2.27,72684.95,None,72,0.63,0,1,0,-3
LAYRITZ,18,1,0,1,1,0,,,48.49,-123.413,Saanich,4.431,3.491,0.21,2.08,42008.72,None,107,0.51,0.06,0,0,5
LILDOUG,18,2,0,4,2,0,,0.212345037,48.491,-123.351,Saanich,8.815,8.815,0,0.79,254285.7,High,106,0.42,-0.03,2,0.212345037,15
MOSSROCK,18,2,1,2,1,0.5,,,48.412,-123.346,City of Victoria,2.032,1.978,0.03,7.64,51199.58,Med,82,0.7,0.02,0,0,17
PEACOCK,18,1,0,1,1,0,,,48.45,-123.353,Saanich,1.146,1.034,0.1,9.92,65664.79,Low,71,0.7,0.01,0,0,19
SCAFE-E,18,1,0,2,0,0,,,48.492,-123.485,CRD,5.028,5.028,0,5.43,881894,Low,99,0.35,0.06,1,0,20
SCAFE-W,18,2,0,1,0,0,,,48.492,-123.489,CRD,1.843,1.649,0.11,8.33,533719.8,None,76,0.38,-0.08,-1,0,10
SEYMOUR-S,18,,,1,1,,,,48.464,-123.465,CRD,3.267,3.022,0.07,3.44,2342245,None,106,0.39,-0.02,1,0,17
STEWART,18,1,0,1,0,0,,,48.496,-123.493,CRD,6.524,5.833,0.11,0.69,476104.7,None,105,0.33,0.02,0,0,17
SUMMIT,18,3,2,2,1,0.666666667,0.244403376,,48.446,-123.354,City of Victoria,5.882,4.961,0.16,11.26,33108.48,High,92,0.73,0.03,-1,-0.244403376,6
XMAS,18,1,0,3,1,0,,0.189283742,48.474,-123.377,Christmas Hill Nature Sanctuary,8.721,8.721,0,3.44,65270.2,High,112,0.55,0.03,2,0.189283742,9
ALBERT,19,4,0,4,0,0,0.170366153,0.170366153,48.391,-123.49,DND,1.173,1.068,0.09,8.44,109130.2,Low,84,0.51,0,0,0,-1
BEAR-A,19,5,0,5,0,0,0.191026025,0.191026025,48.546,-123.409,CRD,2.146,1.824,0.15,3.64,50181.04,None,78,0.4,0.02,0,0,14
BEAR-E,19,5,0,6,0,0,0.166738744,0.173745576,48.546,-123.405,CRD,4.477,3.639,0.19,3.93,28970.14,Low,96,0.35,-0.01,1,0.007006832,-1
BOULDER-E,19,5,0,5,0,0,0.191026025,0.191026025,48.505,-123.372,Saanich,1.73,1.68,0.03,4.52,25283.02,None,94,0.44,0.02,0,0,25
BOULDER-W,19,5,0,7,0,0,0.191026025,0.216885071,48.505,-123.375,Saanich,1.113,1.067,0.04,10.17,27006.47,None,79,0.37,0.08,2,0.025859046,15
CAMROSE,19,3,0,3,0,0,0.19258154,0.19258154,48.454,-123.352,Saanich,1.477,1.104,0.25,1.97,69018.49,Low,66,0.7,-0.02,0,0,-3
CEDAR,19,3,0,4,1,0,0.19258154,0.20089399,48.458,-123.347,Saanich,2.766,2.369,0.14,3.58,77929.92,High,68,0.62,0.04,1,0.008312449,19
CHATTER,19,5,1,5,1,0.2,0.272794188,0.272794188,48.491,-123.385,Saanich,1.223,1.089,0.11,2.14,15888.79,Med,84,0.64,-0.06,0,0,9
DEAN-E,19,5,0,5,0,0,0.191026025,0.188053125,48.61,-123.443,BC Parks,0.725,0.725,0,7.95,17421.59,High,82,0.33,0.04,0,-0.0029729,8
DEAN-P,19,5,0,5,0,0,0.215423066,0.208492605,48.612,-123.442,BC Parks,0.769,0.769,0,9.85,17872.01,High,85,0.29,0.01,0,-0.006930461,0
FKING-N,19,4,0,5,0,0,0.192727293,0.173853136,48.487,-123.442,CRD,1.355,0.987,0.27,1.74,409167.9,None,80,0.33,0.06,1,-0.018874157,14
FKING-S,19,4,0,4,0,0,0.170366153,0.170366153,48.477,-123.45,CRD,1.202,1.202,0,2.58,2171374,None,81,0.36,0.05,0,0,10
GARIBALDI-W,19,5,0,4,0,0,0.205772853,0.182026205,48.337,-123.58,DND,5.89,5.86,0.01,1.08,82461.15,None,95,0.28,0.04,-1,-0.023746648,21
GONZALES,19,3,0,4,0,0,0.19258154,0.183155471,48.414,-123.325,CRD,1.312,1.101,0.16,2.22,28234.75,Low,95,0.61,0.06,1,-0.00942607,1
GORE,19,6,0,6,0,0,0.174572511,0.204785766,48.567,-123.455,CRD,1.548,1.34,0.13,6.1,39619.77,High,101,0.39,0,0,0.030213255,-2
HORTH,19,6,0,5,0,0,0.197922558,0.191026025,48.683,-123.432,CRD,1.216,0.871,0.28,2.89,22215.26,None,82,0.4,0.02,-1,-0.006896533,15
KNOCKAN-N,19,5,0,6,0,0,0.191026025,0.213036422,48.47,-123.417,Saanich; Friends of Knockan Hill Park,3.185,2.88,0.1,5.79,49476.64,Med,111,0.51,-0.03,1,0.022010397,4
KNOCKAN-S,19,5,0,6,0,0,0.191026025,0.213036422,48.469,-123.419,Saanich; Friends of Knockan Hill Park,1.27,1.109,0.13,4.35,62155.21,Low,97,0.6,-0.07,1,0.022010397,6
KONUKSON,19,4,0,4,0,0,0.192727293,0.192727293,48.454,-123.274,Saanich,0.595,0.565,0.05,8.31,70719.17,None,73,0.55,-0.14,0,0,-13
KONUKSON-A,19,3,0,4,0,0,0.19258154,0.192727293,48.455,-123.273,Saanich,0.178,0.134,0.25,2.27,72684.95,None,72,0.63,0,1,0.000145753,-3
LAYRITZ,19,6,0,6,0,0,0.213036422,0.190377338,48.49,-123.413,Saanich,4.431,3.491,0.21,2.08,42008.72,None,107,0.51,0.06,0,-0.022659084,5
LILDOUG,19,5,0,5,0,0,0.191026025,0.191026025,48.491,-123.351,Saanich,8.815,8.815,0,0.79,254285.7,High,106,0.42,-0.03,0,0,15
MOSSROCK,19,3,0,3,0,0,0.19258154,0.19258154,48.412,-123.346,City of Victoria,2.032,1.978,0.03,7.64,51199.58,Med,82,0.7,0.02,0,0,17
PEACOCK,19,3,0,3,0,0,0.19258154,0.19258154,48.45,-123.353,Saanich,1.146,1.034,0.1,9.92,65664.79,Low,71,0.7,0.01,0,0,19
SCAFE-E,19,5,0,6,0,0,0.191026025,0.204785766,48.492,-123.485,CRD,5.028,5.028,0,5.43,881894,Low,99,0.35,0.06,1,0.013759741,20
SCAFE-W,19,3,0,4,0,0,0.161139239,0.170366153,48.492,-123.489,CRD,1.843,1.649,0.11,8.33,533719.8,None,76,0.38,-0.08,1,0.009226913,10
SEYMOUR-S,19,6,0,6,0,0,0.192261911,0.213036422,48.464,-123.465,CRD,3.267,3.022,0.07,3.44,2342245,None,106,0.39,-0.02,0,0.02077451,17
STEWART,19,7,0,6,0,0,0.18911421,0.183966595,48.496,-123.493,CRD,6.524,5.833,0.11,0.69,476104.7,None,105,0.33,0.02,-1,-0.005147615,17
SUMMIT,19,3,0,4,1,0,0.19258154,0.20089399,48.446,-123.354,City of Victoria,5.882,4.961,0.16,11.26,33108.48,High,92,0.73,0.03,1,0.008312449,6
XMAS,19,5,0,6,0,0,0.191026025,0.190377338,48.474,-123.377,Christmas Hill Nature Sanctuary,8.721,8.721,0,3.44,65270.2,High,112,0.55,0.03,1,-0.000648687,9
ALBERT,20,3,1,3,2,0.333333333,0.27480874,0.284454904,48.391,-123.49,DND,1.173,1.068,0.09,8.44,109130.2,Low,84,0.51,0,0,0.009646164,-1
BEAR-A,20,3,1,3,1,0.333333333,0.233673202,0.286815701,48.546,-123.409,CRD,2.146,1.824,0.15,3.64,50181.04,None,78,0.4,0.02,0,0.053142499,14
BEAR-E,20,2,1,1,1,0.5,,,48.546,-123.405,CRD,4.477,3.639,0.19,3.93,28970.14,Low,96,0.35,-0.01,-1,0,-1
BOULDER-E,20,3,2,2,2,0.666666667,0.173167134,,48.505,-123.372,Saanich,1.73,1.68,0.03,4.52,25283.02,None,94,0.44,0.02,-1,-0.173167134,25
BOULDER-W,20,2,1,2,1,0.5,,,48.505,-123.375,Saanich,1.113,1.067,0.04,10.17,27006.47,None,79,0.37,0.08,0,0,15
CAMROSE,20,4,2,3,2,0.5,0.251496479,0.27304888,48.454,-123.352,Saanich,1.477,1.104,0.25,1.97,69018.49,Low,66,0.7,-0.02,-1,0.0215524,-3
CEDAR,20,3,2,3,2,0.666666667,0.27304888,0.27304888,48.458,-123.347,Saanich,2.766,2.369,0.14,3.58,77929.92,High,68,0.62,0.04,0,0,19
CHATTER,20,3,2,2,1,0.666666667,0.173167134,,48.491,-123.385,Saanich,1.223,1.089,0.11,2.14,15888.79,Med,84,0.64,-0.06,-1,-0.173167134,9
DEAN-E,20,5,2,3,1,0.4,0.258000934,0.27480874,48.61,-123.443,BC Parks,0.725,0.725,0,7.95,17421.59,High,82,0.33,0.04,-2,0.016807806,8
DEAN-P,20,3,1,2,1,0.333333333,0.194060622,,48.612,-123.442,BC Parks,0.769,0.769,0,9.85,17872.01,High,85,0.29,0.01,-1,-0.194060622,0
FKING-N,20,4,2,3,2,0.5,0.208259979,0.14860529,48.487,-123.442,CRD,1.355,0.987,0.27,1.74,409167.9,None,80,0.33,0.06,-1,-0.059654689,14
FKING-S,20,4,2,3,1,0.5,0.249228178,0.27480874,48.477,-123.45,CRD,1.202,1.202,0,2.58,2171374,None,81,0.36,0.05,-1,0.025580563,10
GARIBALDI-W,20,3,1,3,1,0.333333333,0.27480874,0.27480874,48.337,-123.58,DND,5.89,5.86,0.01,1.08,82461.15,None,95,0.28,0.04,0,0,21
GONZALES,20,5,3,2,2,0.6,0.246250103,,48.414,-123.325,CRD,1.312,1.101,0.16,2.22,28234.75,Low,95,0.61,0.06,-3,-0.246250103,1
GORE,20,4,2,4,2,0.5,0.272454389,0.272454389,48.567,-123.455,CRD,1.548,1.34,0.13,6.1,39619.77,High,101,0.39,0,0,0,-2
HORTH,20,3,1,3,1,0.333333333,0.233673202,0.233673202,48.683,-123.432,CRD,1.216,0.871,0.28,2.89,22215.26,None,82,0.4,0.02,0,0,15
KNOCKAN-N,20,4,2,4,2,0.5,0.251496479,0.26944038,48.47,-123.417,Saanich; Friends of Knockan Hill Park,3.185,2.88,0.1,5.79,49476.64,Med,111,0.51,-0.03,0,0.0179439,4
KNOCKAN-S,20,3,1,2,1,0.333333333,0.27480874,,48.469,-123.419,Saanich; Friends of Knockan Hill Park,1.27,1.109,0.13,4.35,62155.21,Low,97,0.6,-0.07,-1,-0.27480874,6
KONUKSON,20,1,1,2,1,1,,,48.454,-123.274,Saanich,0.595,0.565,0.05,8.31,70719.17,None,73,0.55,-0.14,1,0,-13
KONUKSON-A,20,1,1,1,1,1,,,48.455,-123.273,Saanich,0.178,0.134,0.25,2.27,72684.95,None,72,0.63,0,0,0,-3
LAYRITZ,20,2,1,1,1,0.5,,,48.49,-123.413,Saanich,4.431,3.491,0.21,2.08,42008.72,None,107,0.51,0.06,-1,0,5
LILDOUG,20,4,1,4,2,0.25,0.27960054,0.272454389,48.491,-123.351,Saanich,8.815,8.815,0,0.79,254285.7,High,106,0.42,-0.03,0,-0.00714615,15
MOSSROCK,20,2,2,1,1,1,,,48.412,-123.346,City of Victoria,2.032,1.978,0.03,7.64,51199.58,Med,82,0.7,0.02,-1,0,17
PEACOCK,20,3,2,3,2,0.666666667,0.27304888,0.27304888,48.45,-123.353,Saanich,1.146,1.034,0.1,9.92,65664.79,Low,71,0.7,0.01,0,0,19
SCAFE-E,20,2,1,4,1,0.5,,0.27960054,48.492,-123.485,CRD,5.028,5.028,0,5.43,881894,Low,99,0.35,0.06,2,0.27960054,20
SCAFE-W,20,2,1,2,1,0.5,,,48.492,-123.489,CRD,1.843,1.649,0.11,8.33,533719.8,None,76,0.38,-0.08,0,0,10
SEYMOUR-S,20,3,1,3,1,0.333333333,0.27480874,0.27480874,48.464,-123.465,CRD,3.267,3.022,0.07,3.44,2342245,None,106,0.39,-0.02,0,0,17
STEWART,20,3,1,3,1,0.333333333,0.27480874,0.27480874,48.496,-123.493,CRD,6.524,5.833,0.11,0.69,476104.7,None,105,0.33,0.02,0,0,17
SUMMIT,20,3,2,3,1,0.666666667,0.27304888,0.286815701,48.446,-123.354,City of Victoria,5.882,4.961,0.16,11.26,33108.48,High,92,0.73,0.03,0,0.013766821,6
XMAS,20,4,2,3,2,0.5,0.208259979,0.239584873,48.474,-123.377,Christmas Hill Nature Sanctuary,8.721,8.721,0,3.44,65270.2,High,112,0.55,0.03,-1,0.031324894,9
ALBERT,22,1,1,1,1,1,,,48.391,-123.49,DND,1.173,1.068,0.09,8.44,109130.2,Low,84,0.51,0,0,0,-1
BEAR-A,22,1,1,1,1,1,,,48.546,-123.409,CRD,2.146,1.824,0.15,3.64,50181.04,None,78,0.4,0.02,0,0,14
BEAR-E,22,1,1,1,1,1,,,48.546,-123.405,CRD,4.477,3.639,0.19,3.93,28970.14,Low,96,0.35,-0.01,0,0,-1
BOULDER-E,22,2,2,3,3,1,,0.211370348,48.505,-123.372,Saanich,1.73,1.68,0.03,4.52,25283.02,None,94,0.44,0.02,1,0.211370348,25
BOULDER-W,22,2,2,1,1,1,,,48.505,-123.375,Saanich,1.113,1.067,0.04,10.17,27006.47,None,79,0.37,0.08,-1,0,15
CAMROSE,22,1,1,1,1,1,,,48.454,-123.352,Saanich,1.477,1.104,0.25,1.97,69018.49,Low,66,0.7,-0.02,0,0,-3
CEDAR,22,1,1,3,2,1,,0.27335089,48.458,-123.347,Saanich,2.766,2.369,0.14,3.58,77929.92,High,68,0.62,0.04,2,0.27335089,19
CHATTER,22,1,1,1,1,1,,,48.491,-123.385,Saanich,1.223,1.089,0.11,2.14,15888.79,Med,84,0.64,-0.06,0,0,9
DEAN-E,22,1,1,3,2,1,,0.192193879,48.61,-123.443,BC Parks,0.725,0.725,0,7.95,17421.59,High,82,0.33,0.04,2,0.192193879,8
DEAN-P,22,3,2,5,3,0.666666667,0.192456161,0.219988731,48.612,-123.442,BC Parks,0.769,0.769,0,9.85,17872.01,High,85,0.29,0.01,2,0.02753257,0
FKING-N,22,1,1,1,1,1,,,48.487,-123.442,CRD,1.355,0.987,0.27,1.74,409167.9,None,80,0.33,0.06,0,0,14
FKING-S,22,1,1,2,2,1,,,48.477,-123.45,CRD,1.202,1.202,0,2.58,2171374,None,81,0.36,0.05,1,0,10
GARIBALDI-W,22,3,2,3,2,0.666666667,0.192456161,0.192456161,48.337,-123.58,DND,5.89,5.86,0.01,1.08,82461.15,None,95,0.28,0.04,0,0,21
GONZALES,22,1,1,2,2,1,,,48.414,-123.325,CRD,1.312,1.101,0.16,2.22,28234.75,Low,95,0.61,0.06,1,0,1
GORE,22,1,1,3,2,1,,0.225153892,48.567,-123.455,CRD,1.548,1.34,0.13,6.1,39619.77,High,101,0.39,0,2,0.225153892,-2
HORTH,22,2,2,5,3,1,,0.219988731,48.683,-123.432,CRD,1.216,0.871,0.28,2.89,22215.26,None,82,0.4,0.02,3,0.219988731,15
KNOCKAN-N,22,1,1,2,2,1,,,48.47,-123.417,Saanich; Friends of Knockan Hill Park,3.185,2.88,0.1,5.79,49476.64,Med,111,0.51,-0.03,1,0,4
KNOCKAN-S,22,1,1,3,3,1,,0.211370348,48.469,-123.419,Saanich; Friends of Knockan Hill Park,1.27,1.109,0.13,4.35,62155.21,Low,97,0.6,-0.07,2,0.211370348,6
KONUKSON,22,1,1,1,1,1,,,48.454,-123.274,Saanich,0.595,0.565,0.05,8.31,70719.17,None,73,0.55,-0.14,0,0,-13
KONUKSON-A,22,1,1,1,1,1,,,48.455,-123.273,Saanich,0.178,0.134,0.25,2.27,72684.95,None,72,0.63,0,0,0,-3
LAYRITZ,22,1,1,2,2,1,,,48.49,-123.413,Saanich,4.431,3.491,0.21,2.08,42008.72,None,107,0.51,0.06,1,0,5
LILDOUG,22,3,2,2,2,0.666666667,0.192456161,,48.491,-123.351,Saanich,8.815,8.815,0,0.79,254285.7,High,106,0.42,-0.03,-1,-0.192456161,15
MOSSROCK,22,1,1,2,2,1,,,48.412,-123.346,City of Victoria,2.032,1.978,0.03,7.64,51199.58,Med,82,0.7,0.02,1,0,17
PEACOCK,22,1,1,4,3,1,,0.241300804,48.45,-123.353,Saanich,1.146,1.034,0.1,9.92,65664.79,Low,71,0.7,0.01,3,0.241300804,19
SCAFE-E,22,3,2,5,2,0.666666667,0.192456161,0.229049239,48.492,-123.485,CRD,5.028,5.028,0,5.43,881894,Low,99,0.35,0.06,2,0.036593078,20
SCAFE-W,22,3,2,3,2,0.666666667,0.192456161,0.192456161,48.492,-123.489,CRD,1.843,1.649,0.11,8.33,533719.8,None,76,0.38,-0.08,0,0,10
SEYMOUR-S,22,1,1,2,2,1,,,48.464,-123.465,CRD,3.267,3.022,0.07,3.44,2342245,None,106,0.39,-0.02,1,0,17
STEWART,22,3,2,3,2,0.666666667,0.192456161,0.192456161,48.496,-123.493,CRD,6.524,5.833,0.11,0.69,476104.7,None,105,0.33,0.02,0,0,17
SUMMIT,22,1,1,2,2,1,,,48.446,-123.354,City of Victoria,5.882,4.961,0.16,11.26,33108.48,High,92,0.73,0.03,1,0,6
XMAS,22,1,1,3,3,1,,0.211370348,48.474,-123.377,Christmas Hill Nature Sanctuary,8.721,8.721,0,3.44,65270.2,High,112,0.55,0.03,2,0.211370348,9
ALBERT,23,2,0,3,0,0,,0.192301816,48.391,-123.49,DND,1.173,1.068,0.09,8.44,109130.2,Low,84,0.51,0,1,0.192301816,-1
BEAR-A,23,2,0,4,0,0,,0.195745854,48.546,-123.409,CRD,2.146,1.824,0.15,3.64,50181.04,None,78,0.4,0.02,2,0.195745854,14
BEAR-E,23,2,0,3,0,0,,0.192301816,48.546,-123.405,CRD,4.477,3.639,0.19,3.93,28970.14,Low,96,0.35,-0.01,1,0.192301816,-1
BOULDER-E,23,2,0,4,0,0,,0.195745854,48.505,-123.372,Saanich,1.73,1.68,0.03,4.52,25283.02,None,94,0.44,0.02,2,0.195745854,25
BOULDER-W,23,2,0,3,0,0,,0.192301816,48.505,-123.375,Saanich,1.113,1.067,0.04,10.17,27006.47,None,79,0.37,0.08,1,0.192301816,15
CAMROSE,23,3,2,4,1,0.666666667,0.240647142,0.218483177,48.454,-123.352,Saanich,1.477,1.104,0.25,1.97,69018.49,Low,66,0.7,-0.02,1,-0.022163965,-3
CEDAR,23,3,1,4,1,0.333333333,0.172228186,0.196042719,48.458,-123.347,Saanich,2.766,2.369,0.14,3.58,77929.92,High,68,0.62,0.04,1,0.023814533,19
CHATTER,23,3,1,5,1,0.333333333,0.172228186,0.199605545,48.491,-123.385,Saanich,1.223,1.089,0.11,2.14,15888.79,Med,84,0.64,-0.06,2,0.027377359,9
DEAN-E,23,2,0,2,0,0,,,48.61,-123.443,BC Parks,0.725,0.725,0,7.95,17421.59,High,82,0.33,0.04,0,0,8
DEAN-P,23,2,0,3,0,0,,0.181814185,48.612,-123.442,BC Parks,0.769,0.769,0,9.85,17872.01,High,85,0.29,0.01,1,0.181814185,0
FKING-N,23,2,0,5,1,0,,0.178154787,48.487,-123.442,CRD,1.355,0.987,0.27,1.74,409167.9,None,80,0.33,0.06,3,0.178154787,14
FKING-S,23,3,1,4,0,0.333333333,0.172228186,0.195745854,48.477,-123.45,CRD,1.202,1.202,0,2.58,2171374,None,81,0.36,0.05,1,0.023517668,10
GARIBALDI-W,23,2,0,5,0,0,,0.201170981,48.337,-123.58,DND,5.89,5.86,0.01,1.08,82461.15,None,95,0.28,0.04,3,0.201170981,21
GONZALES,23,3,1,4,1,0.333333333,0.230746802,0.218483177,48.414,-123.325,CRD,1.312,1.101,0.16,2.22,28234.75,Low,95,0.61,0.06,1,-0.012263626,1
GORE,23,3,1,5,1,0.333333333,0.172228186,0.199605545,48.567,-123.455,CRD,1.548,1.34,0.13,6.1,39619.77,High,101,0.39,0,2,0.027377359,-2
HORTH,23,3,1,5,1,0.333333333,0.172228186,0.199605545,48.683,-123.432,CRD,1.216,0.871,0.28,2.89,22215.26,None,82,0.4,0.02,2,0.027377359,15
KNOCKAN-N,23,2,1,4,1,0.5,,0.196042719,48.47,-123.417,Saanich; Friends of Knockan Hill Park,3.185,2.88,0.1,5.79,49476.64,Med,111,0.51,-0.03,2,0.196042719,4
KNOCKAN-S,23,2,0,2,0,0,,,48.469,-123.419,Saanich; Friends of Knockan Hill Park,1.27,1.109,0.13,4.35,62155.21,Low,97,0.6,-0.07,0,0,6
KONUKSON,23,2,1,3,0,0.5,,0.181814185,48.454,-123.274,Saanich,0.595,0.565,0.05,8.31,70719.17,None,73,0.55,-0.14,1,0.181814185,-13
KONUKSON-A,23,3,1,3,0,0.333333333,0.172228186,0.192301816,48.455,-123.273,Saanich,0.178,0.134,0.25,2.27,72684.95,None,72,0.63,0,0,0.02007363,-3
LAYRITZ,23,3,1,4,1,0.333333333,0.172228186,0.196042719,48.49,-123.413,Saanich,4.431,3.491,0.21,2.08,42008.72,None,107,0.51,0.06,1,0.023814533,5
LILDOUG,23,2,0,4,0,0,,0.195745854,48.491,-123.351,Saanich,8.815,8.815,0,0.79,254285.7,High,106,0.42,-0.03,2,0.195745854,15
MOSSROCK,23,3,1,5,1,0.333333333,0.230746802,0.211781715,48.412,-123.346,City of Victoria,2.032,1.978,0.03,7.64,51199.58,Med,82,0.7,0.02,2,-0.018965087,17
PEACOCK,23,1,0,2,0,0,,,48.45,-123.353,Saanich,1.146,1.034,0.1,9.92,65664.79,Low,71,0.7,0.01,1,0,19
SCAFE-E,23,2,0,3,0,0,,0.181814185,48.492,-123.485,CRD,5.028,5.028,0,5.43,881894,Low,99,0.35,0.06,1,0.181814185,20
SCAFE-W,23,1,0,1,0,0,,,48.492,-123.489,CRD,1.843,1.649,0.11,8.33,533719.8,None,76,0.38,-0.08,0,0,10
SEYMOUR-S,23,3,0,6,1,0,0.202658989,0.19480166,48.464,-123.465,CRD,3.267,3.022,0.07,3.44,2342245,None,106,0.39,-0.02,3,-0.007857329,17
STEWART,23,2,0,5,1,0,,0.199605545,48.496,-123.493,CRD,6.524,5.833,0.11,0.69,476104.7,None,105,0.33,0.02,3,0.199605545,17
SUMMIT,23,4,2,5,2,0.5,0.223284614,0.215792171,48.446,-123.354,City of Victoria,5.882,4.961,0.16,11.26,33108.48,High,92,0.73,0.03,1,-0.007492443,6
XMAS,23,4,2,5,1,0.5,0.223284614,0.211781715,48.474,-123.377,Christmas Hill Nature Sanctuary,8.721,8.721,0,3.44,65270.2,High,112,0.55,0.03,1,-0.011502899,9
ALBERT,24,5,1,3,1,0.2,0.233517052,0.223880576,48.391,-123.49,DND,1.173,1.068,0.09,8.44,109130.2,Low,84,0.51,0,-2,-0.009636476,-1
BEAR-A,24,5,2,3,2,0.4,0.22833212,0.21185801,48.546,-123.409,CRD,2.146,1.824,0.15,3.64,50181.04,None,78,0.4,0.02,-2,-0.01647411,14
BEAR-E,24,5,1,3,1,0.2,0.225068668,0.210978857,48.546,-123.405,CRD,4.477,3.639,0.19,3.93,28970.14,Low,96,0.35,-0.01,-2,-0.014089812,-1
BOULDER-E,24,5,2,4,1,0.4,0.244255404,0.230131811,48.505,-123.372,Saanich,1.73,1.68,0.03,4.52,25283.02,None,94,0.44,0.02,-1,-0.014123593,25
BOULDER-W,24,7,2,6,1,0.285714286,0.23025426,0.236949179,48.505,-123.375,Saanich,1.113,1.067,0.04,10.17,27006.47,None,79,0.37,0.08,-1,0.006694919,15
CAMROSE,24,3,2,2,2,0.666666667,0.251641839,,48.454,-123.352,Saanich,1.477,1.104,0.25,1.97,69018.49,Low,66,0.7,-0.02,-1,-0.251641839,-3
CEDAR,24,3,2,2,2,0.666666667,0.192665586,,48.458,-123.347,Saanich,2.766,2.369,0.14,3.58,77929.92,High,68,0.62,0.04,-1,-0.192665586,19
CHATTER,24,3,2,4,3,0.666666667,0.192665586,0.249444851,48.491,-123.385,Saanich,1.223,1.089,0.11,2.14,15888.79,Med,84,0.64,-0.06,1,0.056779265,9
DEAN-E,24,4,1,4,1,0.25,0.237305846,0.237305846,48.61,-123.443,BC Parks,0.725,0.725,0,7.95,17421.59,High,82,0.33,0.04,0,0,8
DEAN-P,24,3,0,5,2,0,0.220095239,0.220210434,48.612,-123.442,BC Parks,0.769,0.769,0,9.85,17872.01,High,85,0.29,0.01,2,0.000115196,0
FKING-N,24,4,1,4,1,0.25,0.222182419,0.222182419,48.487,-123.442,CRD,1.355,0.987,0.27,1.74,409167.9,None,80,0.33,0.06,0,0,14
FKING-S,24,5,1,5,2,0.2,0.233517052,0.215278144,48.477,-123.45,CRD,1.202,1.202,0,2.58,2171374,None,81,0.36,0.05,0,-0.018238908,10
GARIBALDI-W,24,5,0,2,0,0,0.245979812,,48.337,-123.58,DND,5.89,5.86,0.01,1.08,82461.15,None,95,0.28,0.04,-3,-0.245979812,21
GONZALES,24,5,2,3,2,0.4,0.250090453,0.21185801,48.414,-123.325,CRD,1.312,1.101,0.16,2.22,28234.75,Low,95,0.61,0.06,-2,-0.038232443,1
GORE,24,5,1,4,2,0.2,0.233517052,0.203685183,48.567,-123.455,CRD,1.548,1.34,0.13,6.1,39619.77,High,101,0.39,0,-1,-0.029831869,-2
HORTH,24,2,1,1,1,0.5,,,48.683,-123.432,CRD,1.216,0.871,0.28,2.89,22215.26,None,82,0.4,0.02,-1,0,15
KNOCKAN-N,24,4,1,5,2,0.25,0.222182419,0.215278144,48.47,-123.417,Saanich; Friends of Knockan Hill Park,3.185,2.88,0.1,5.79,49476.64,Med,111,0.51,-0.03,1,-0.006904276,4
KNOCKAN-S,24,4,2,4,2,0.5,0.252594998,0.252594998,48.469,-123.419,Saanich; Friends of Knockan Hill Park,1.27,1.109,0.13,4.35,62155.21,Low,97,0.6,-0.07,0,0,6
KONUKSON,24,5,2,3,1,0.4,0.250090453,0.223880576,48.454,-123.274,Saanich,0.595,0.565,0.05,8.31,70719.17,None,73,0.55,-0.14,-2,-0.026209877,-13
KONUKSON-A,24,2,1,2,1,0.5,,,48.455,-123.273,Saanich,0.178,0.134,0.25,2.27,72684.95,None,72,0.63,0,0,0,-3
LAYRITZ,24,5,2,3,2,0.4,0.221607188,0.242991764,48.49,-123.413,Saanich,4.431,3.491,0.21,2.08,42008.72,None,107,0.51,0.06,-2,0.021384575,5
LILDOUG,24,4,1,3,2,0.25,0.230131811,0.21185801,48.491,-123.351,Saanich,8.815,8.815,0,0.79,254285.7,High,106,0.42,-0.03,-1,-0.018273801,15
MOSSROCK,24,3,3,4,4,1,0.253606785,0.256377487,48.412,-123.346,City of Victoria,2.032,1.978,0.03,7.64,51199.58,Med,82,0.7,0.02,1,0.002770702,17
PEACOCK,24,2,2,2,2,1,,,48.45,-123.353,Saanich,1.146,1.034,0.1,9.92,65664.79,Low,71,0.7,0.01,0,0,19
SCAFE-E,24,4,1,5,1,0.25,0.230131811,0.233517052,48.492,-123.485,CRD,5.028,5.028,0,5.43,881894,Low,99,0.35,0.06,1,0.003385241,20
SCAFE-W,24,3,0,4,1,0,0.251385988,0.230131811,48.492,-123.489,CRD,1.843,1.649,0.11,8.33,533719.8,None,76,0.38,-0.08,1,-0.021254176,10
SEYMOUR-S,24,5,1,4,2,0.2,0.233517052,0.203685183,48.464,-123.465,CRD,3.267,3.022,0.07,3.44,2342245,None,106,0.39,-0.02,-1,-0.029831869,17
STEWART,24,5,1,5,1,0.2,0.233517052,0.233517052,48.496,-123.493,CRD,6.524,5.833,0.11,0.69,476104.7,None,105,0.33,0.02,0,0,17
SUMMIT,24,2,2,3,3,1,,0.253606785,48.446,-123.354,City of Victoria,5.882,4.961,0.16,11.26,33108.48,High,92,0.73,0.03,1,0.253606785,6
XMAS,24,7,3,4,1,0.428571429,0.245500296,0.222182419,48.474,-123.377,Christmas Hill Nature Sanctuary,8.721,8.721,0,3.44,65270.2,High,112,0.55,0.03,-3,-0.023317877,9
ALBERT,25,3,0,3,0,0,0.204423923,0.204423923,48.391,-123.49,DND,1.173,1.068,0.09,8.44,109130.2,Low,84,0.51,0,0,0,-1
BEAR-A,25,3,0,3,0,0,0.204423923,0.204423923,48.546,-123.409,CRD,2.146,1.824,0.15,3.64,50181.04,None,78,0.4,0.02,0,0,14
BEAR-E,25,5,0,5,0,0,0.208594073,0.1681074,48.546,-123.405,CRD,4.477,3.639,0.19,3.93,28970.14,Low,96,0.35,-0.01,0,-0.040486672,-1
BOULDER-E,25,3,0,3,0,0,0.204423923,0.204423923,48.505,-123.372,Saanich,1.73,1.68,0.03,4.52,25283.02,None,94,0.44,0.02,0,0,25
BOULDER-W,25,3,0,3,0,0,0.204423923,0.204423923,48.505,-123.375,Saanich,1.113,1.067,0.04,10.17,27006.47,None,79,0.37,0.08,0,0,15
CAMROSE,25,,,,,,,,48.454,-123.352,Saanich,1.477,1.104,0.25,1.97,69018.49,Low,66,0.7,-0.02,0,0,-3
CEDAR,25,1,0,2,0,0,,,48.458,-123.347,Saanich,2.766,2.369,0.14,3.58,77929.92,High,68,0.62,0.04,1,0,19
CHATTER,25,2,0,2,0,0,,,48.491,-123.385,Saanich,1.223,1.089,0.11,2.14,15888.79,Med,84,0.64,-0.06,0,0,9
DEAN-E,25,5,0,5,0,0,0.20823773,0.20823773,48.61,-123.443,BC Parks,0.725,0.725,0,7.95,17421.59,High,82,0.33,0.04,0,0,8
DEAN-P,25,4,0,5,0,0,0.208894483,0.227955446,48.612,-123.442,BC Parks,0.769,0.769,0,9.85,17872.01,High,85,0.29,0.01,1,0.019060962,0
FKING-N,25,5,0,6,0,0,0.22651654,0.227030542,48.487,-123.442,CRD,1.355,0.987,0.27,1.74,409167.9,None,80,0.33,0.06,1,0.000514002,14
FKING-S,25,4,0,5,0,0,0.216445893,0.20823773,48.477,-123.45,CRD,1.202,1.202,0,2.58,2171374,None,81,0.36,0.05,1,-0.008208163,10
GARIBALDI-W,25,4,0,5,0,0,0.216445893,0.215708841,48.337,-123.58,DND,5.89,5.86,0.01,1.08,82461.15,None,95,0.28,0.04,1,-0.000737052,21
GONZALES,25,2,0,2,0,0,,,48.414,-123.325,CRD,1.312,1.101,0.16,2.22,28234.75,Low,95,0.61,0.06,0,0,1
GORE,25,3,0,3,0,0,0.204423923,0.204423923,48.567,-123.455,CRD,1.548,1.34,0.13,6.1,39619.77,High,101,0.39,0,0,0,-2
HORTH,25,3,0,2,0,0,0.204423923,,48.683,-123.432,CRD,1.216,0.871,0.28,2.89,22215.26,None,82,0.4,0.02,-1,-0.204423923,15
KNOCKAN-N,25,3,0,3,0,0,0.204423923,0.204423923,48.47,-123.417,Saanich; Friends of Knockan Hill Park,3.185,2.88,0.1,5.79,49476.64,Med,111,0.51,-0.03,0,0,4
KNOCKAN-S,25,3,0,3,0,0,0.204423923,0.204423923,48.469,-123.419,Saanich; Friends of Knockan Hill Park,1.27,1.109,0.13,4.35,62155.21,Low,97,0.6,-0.07,0,0,6
KONUKSON,25,2,0,3,0,0,,0.204423923,48.454,-123.274,Saanich,0.595,0.565,0.05,8.31,70719.17,None,73,0.55,-0.14,1,0.204423923,-13
KONUKSON-A,25,4,1,4,1,0.25,0.192416478,0.192416478,48.455,-123.273,Saanich,0.178,0.134,0.25,2.27,72684.95,None,72,0.63,0,0,0,-3
LAYRITZ,25,4,0,4,0,0,0.232934864,0.232934864,48.49,-123.413,Saanich,4.431,3.491,0.21,2.08,42008.72,None,107,0.51,0.06,0,0,5
LILDOUG,25,4,0,3,0,0,0.216445893,0.204423923,48.491,-123.351,Saanich,8.815,8.815,0,0.79,254285.7,High,106,0.42,-0.03,-1,-0.01202197,15
MOSSROCK,25,2,0,1,0,0,,,48.412,-123.346,City of Victoria,2.032,1.978,0.03,7.64,51199.58,Med,82,0.7,0.02,-1,0,17
PEACOCK,25,2,0,1,0,0,,,48.45,-123.353,Saanich,1.146,1.034,0.1,9.92,65664.79,Low,71,0.7,0.01,-1,0,19
SCAFE-E,25,6,0,7,0,0,0.204351924,0.218030729,48.492,-123.485,CRD,5.028,5.028,0,5.43,881894,Low,99,0.35,0.06,1,0.013678805,20
SCAFE-W,25,3,0,4,0,0,0.204423923,0.232934864,48.492,-123.489,CRD,1.843,1.649,0.11,8.33,533719.8,None,76,0.38,-0.08,1,0.02851094,10
SEYMOUR-S,25,4,0,4,0,0,0.216445893,0.216445893,48.464,-123.465,CRD,3.267,3.022,0.07,3.44,2342245,None,106,0.39,-0.02,0,0,17
STEWART,25,8,0,8,0,0,0.210884634,0.210884634,48.496,-123.493,CRD,6.524,5.833,0.11,0.69,476104.7,None,105,0.33,0.02,0,0,17
SUMMIT,25,1,0,2,0,0,,,48.446,-123.354,City of Victoria,5.882,4.961,0.16,11.26,33108.48,High,92,0.73,0.03,1,0,6
XMAS,25,3,0,3,0,0,0.204423923,0.204423923,48.474,-123.377,Christmas Hill Nature Sanctuary,8.721,8.721,0,3.44,65270.2,High,112,0.55,0.03,0,0,9
ALBERT,27,,,,,,,,48.391,-123.49,DND,1.173,1.068,0.09,8.44,109130.2,Low,84,0.51,0,0,0,-1
BEAR-A,27,1,0,1,0,0,,,48.546,-123.409,CRD,2.146,1.824,0.15,3.64,50181.04,None,78,0.4,0.02,0,0,14
BEAR-E,27,1,0,1,0,0,,,48.546,-123.405,CRD,4.477,3.639,0.19,3.93,28970.14,Low,96,0.35,-0.01,0,0,-1
BOULDER-E,27,1,0,1,0,0,,,48.505,-123.372,Saanich,1.73,1.68,0.03,4.52,25283.02,None,94,0.44,0.02,0,0,25
BOULDER-W,27,1,0,1,0,0,,,48.505,-123.375,Saanich,1.113,1.067,0.04,10.17,27006.47,None,79,0.37,0.08,0,0,15
CAMROSE,27,,,,,,,,48.454,-123.352,Saanich,1.477,1.104,0.25,1.97,69018.49,Low,66,0.7,-0.02,0,0,-3
CEDAR,27,,,,,,,,48.458,-123.347,Saanich,2.766,2.369,0.14,3.58,77929.92,High,68,0.62,0.04,0,0,19
CHATTER,27,2,1,1,0,0.5,,,48.491,-123.385,Saanich,1.223,1.089,0.11,2.14,15888.79,Med,84,0.64,-0.06,-1,0,9
DEAN-E,27,1,0,1,0,0,,,48.61,-123.443,BC Parks,0.725,0.725,0,7.95,17421.59,High,82,0.33,0.04,0,0,8
DEAN-P,27,1,0,1,0,0,,,48.612,-123.442,BC Parks,0.769,0.769,0,9.85,17872.01,High,85,0.29,0.01,0,0,0
FKING-N,27,1,0,1,0,0,,,48.487,-123.442,CRD,1.355,0.987,0.27,1.74,409167.9,None,80,0.33,0.06,0,0,14
FKING-S,27,1,0,1,0,0,,,48.477,-123.45,CRD,1.202,1.202,0,2.58,2171374,None,81,0.36,0.05,0,0,10
GARIBALDI-W,27,1,0,1,0,0,,,48.337,-123.58,DND,5.89,5.86,0.01,1.08,82461.15,None,95,0.28,0.04,0,0,21
GONZALES,27,,,,,,,,48.414,-123.325,CRD,1.312,1.101,0.16,2.22,28234.75,Low,95,0.61,0.06,0,0,1
GORE,27,1,0,1,0,0,,,48.567,-123.455,CRD,1.548,1.34,0.13,6.1,39619.77,High,101,0.39,0,0,0,-2
HORTH,27,,,,,,,,48.683,-123.432,CRD,1.216,0.871,0.28,2.89,22215.26,None,82,0.4,0.02,0,0,15
KNOCKAN-N,27,1,0,1,0,0,,,48.47,-123.417,Saanich; Friends of Knockan Hill Park,3.185,2.88,0.1,5.79,49476.64,Med,111,0.51,-0.03,0,0,4
KNOCKAN-S,27,1,1,,,1,,,48.469,-123.419,Saanich; Friends of Knockan Hill Park,1.27,1.109,0.13,4.35,62155.21,Low,97,0.6,-0.07,-1,0,6
KONUKSON,27,,,,,,,,48.454,-123.274,Saanich,0.595,0.565,0.05,8.31,70719.17,None,73,0.55,-0.14,0,0,-13
KONUKSON-A,27,,,,,,,,48.455,-123.273,Saanich,0.178,0.134,0.25,2.27,72684.95,None,72,0.63,0,0,0,-3
LAYRITZ,27,2,0,1,0,0,,,48.49,-123.413,Saanich,4.431,3.491,0.21,2.08,42008.72,None,107,0.51,0.06,-1,0,5
LILDOUG,27,1,0,1,0,0,,,48.491,-123.351,Saanich,8.815,8.815,0,0.79,254285.7,High,106,0.42,-0.03,0,0,15
MOSSROCK,27,,,,,,,,48.412,-123.346,City of Victoria,2.032,1.978,0.03,7.64,51199.58,Med,82,0.7,0.02,0,0,17
PEACOCK,27,,,,,,,,48.45,-123.353,Saanich,1.146,1.034,0.1,9.92,65664.79,Low,71,0.7,0.01,0,0,19
SCAFE-E,27,1,0,1,0,0,,,48.492,-123.485,CRD,5.028,5.028,0,5.43,881894,Low,99,0.35,0.06,0,0,20
SCAFE-W,27,1,0,1,0,0,,,48.492,-123.489,CRD,1.843,1.649,0.11,8.33,533719.8,None,76,0.38,-0.08,0,0,10
SEYMOUR-S,27,1,0,1,0,0,,,48.464,-123.465,CRD,3.267,3.022,0.07,3.44,2342245,None,106,0.39,-0.02,0,0,17
STEWART,27,1,0,1,0,0,,,48.496,-123.493,CRD,6.524,5.833,0.11,0.69,476104.7,None,105,0.33,0.02,0,0,17
SUMMIT,27,,,1,0,,,,48.446,-123.354,City of Victoria,5.882,4.961,0.16,11.26,33108.48,High,92,0.73,0.03,1,0,6
XMAS,27,1,0,,,0,,,48.474,-123.377,Christmas Hill Nature Sanctuary,8.721,8.721,0,3.44,65270.2,High,112,0.55,0.03,-1,0,9
ALBERT,29,5,5,4,3,1,0.168801764,0.182841897,48.391,-123.49,DND,1.173,1.068,0.09,8.44,109130.2,Low,84,0.51,0,-1,0.014040133,-1
BEAR-A,29,3,3,4,3,1,0.172528061,0.182841897,48.546,-123.409,CRD,2.146,1.824,0.15,3.64,50181.04,None,78,0.4,0.02,1,0.010313836,14
BEAR-E,29,4,2,4,2,0.5,0.191962574,0.162301979,48.546,-123.405,CRD,4.477,3.639,0.19,3.93,28970.14,Low,96,0.35,-0.01,0,-0.029660595,-1
BOULDER-E,29,5,3,5,3,0.6,0.191916252,0.191916252,48.505,-123.372,Saanich,1.73,1.68,0.03,4.52,25283.02,None,94,0.44,0.02,0,0,25
BOULDER-W,29,2,1,2,2,0.5,,,48.505,-123.375,Saanich,1.113,1.067,0.04,10.17,27006.47,None,79,0.37,0.08,0,0,15
CAMROSE,29,,,3,3,,,0.192305344,48.454,-123.352,Saanich,1.477,1.104,0.25,1.97,69018.49,Low,66,0.7,-0.02,3,0.192305344,-3
CEDAR,29,1,1,2,2,1,,,48.458,-123.347,Saanich,2.766,2.369,0.14,3.58,77929.92,High,68,0.62,0.04,1,0,19
CHATTER,29,4,4,4,3,1,0.180785725,0.182841897,48.491,-123.385,Saanich,1.223,1.089,0.11,2.14,15888.79,Med,84,0.64,-0.06,0,0.002056172,9
DEAN-E,29,2,0,1,1,0,,,48.61,-123.443,BC Parks,0.725,0.725,0,7.95,17421.59,High,82,0.33,0.04,-1,0,8
DEAN-P,29,2,1,1,0,0.5,,,48.612,-123.442,BC Parks,0.769,0.769,0,9.85,17872.01,High,85,0.29,0.01,-1,0,0
FKING-N,29,2,2,2,2,1,,,48.487,-123.442,CRD,1.355,0.987,0.27,1.74,409167.9,None,80,0.33,0.06,0,0,14
FKING-S,29,1,1,3,3,1,,0.172528061,48.477,-123.45,CRD,1.202,1.202,0,2.58,2171374,None,81,0.36,0.05,2,0.172528061,10
GARIBALDI-W,29,2,1,3,2,0.5,,0.192389134,48.337,-123.58,DND,5.89,5.86,0.01,1.08,82461.15,None,95,0.28,0.04,1,0.192389134,21
GONZALES,29,3,3,3,2,1,0.176399068,0.191737452,48.414,-123.325,CRD,1.312,1.101,0.16,2.22,28234.75,Low,95,0.61,0.06,0,0.015338384,1
GORE,29,4,3,5,4,0.75,0.182841897,0.186754616,48.567,-123.455,CRD,1.548,1.34,0.13,6.1,39619.77,High,101,0.39,0,1,0.003912719,-2
HORTH,29,3,3,5,4,1,0.172528061,0.186754616,48.683,-123.432,CRD,1.216,0.871,0.28,2.89,22215.26,None,82,0.4,0.02,2,0.014226555,15
KNOCKAN-N,29,4,3,4,3,0.75,0.182841897,0.182841897,48.47,-123.417,Saanich; Friends of Knockan Hill Park,3.185,2.88,0.1,5.79,49476.64,Med,111,0.51,-0.03,0,0,4
KNOCKAN-S,29,3,3,4,4,1,0.172528061,0.184929415,48.469,-123.419,Saanich; Friends of Knockan Hill Park,1.27,1.109,0.13,4.35,62155.21,Low,97,0.6,-0.07,1,0.012401354,6
KONUKSON,29,2,2,1,1,1,,,48.454,-123.274,Saanich,0.595,0.565,0.05,8.31,70719.17,None,73,0.55,-0.14,-1,0,-13
KONUKSON-A,29,2,2,2,2,1,,,48.455,-123.273,Saanich,0.178,0.134,0.25,2.27,72684.95,None,72,0.63,0,0,0,-3
LAYRITZ,29,4,3,4,3,0.75,0.182841897,0.182841897,48.49,-123.413,Saanich,4.431,3.491,0.21,2.08,42008.72,None,107,0.51,0.06,0,0,5
LILDOUG,29,4,3,3,2,0.75,0.182841897,0.192389134,48.491,-123.351,Saanich,8.815,8.815,0,0.79,254285.7,High,106,0.42,-0.03,-1,0.009547237,15
MOSSROCK,29,5,5,5,5,1,0.168801764,0.168801764,48.412,-123.346,City of Victoria,2.032,1.978,0.03,7.64,51199.58,Med,82,0.7,0.02,0,0,17
PEACOCK,29,,,3,3,,,0.172528061,48.45,-123.353,Saanich,1.146,1.034,0.1,9.92,65664.79,Low,71,0.7,0.01,3,0.172528061,19
SCAFE-E,29,6,3,5,3,0.5,0.192456524,0.191916252,48.492,-123.485,CRD,5.028,5.028,0,5.43,881894,Low,99,0.35,0.06,-1,-0.000540271,20
SCAFE-W,29,5,2,3,2,0.4,0.200801773,0.192389134,48.492,-123.489,CRD,1.843,1.649,0.11,8.33,533719.8,None,76,0.38,-0.08,-2,-0.00841264,10
SEYMOUR-S,29,4,3,3,3,0.75,0.182841897,0.172528061,48.464,-123.465,CRD,3.267,3.022,0.07,3.44,2342245,None,106,0.39,-0.02,-1,-0.010313836,17
STEWART,29,5,3,5,3,0.6,0.191916252,0.191916252,48.496,-123.493,CRD,6.524,5.833,0.11,0.69,476104.7,None,105,0.33,0.02,0,0,17
SUMMIT,29,4,4,5,4,1,0.164147117,0.174108035,48.446,-123.354,City of Victoria,5.882,4.961,0.16,11.26,33108.48,High,92,0.73,0.03,1,0.009960918,6
XMAS,29,4,3,5,4,0.75,0.182841897,0.186754616,48.474,-123.377,Christmas Hill Nature Sanctuary,8.721,8.721,0,3.44,65270.2,High,112,0.55,0.03,1,0.003912719,9
ALBERT,30,3,1,3,1,0.333333333,0.249896654,0.249896654,48.391,-123.49,DND,1.173,1.068,0.09,8.44,109130.2,Low,84,0.51,0,0,0,-1
BEAR-A,30,2,0,2,0,0,,,48.546,-123.409,CRD,2.146,1.824,0.15,3.64,50181.04,None,78,0.4,0.02,0,0,14
BEAR-E,30,2,0,2,0,0,,,48.546,-123.405,CRD,4.477,3.639,0.19,3.93,28970.14,Low,96,0.35,-0.01,0,0,-1
BOULDER-E,30,3,1,3,1,0.333333333,0.249896654,0.249896654,48.505,-123.372,Saanich,1.73,1.68,0.03,4.52,25283.02,None,94,0.44,0.02,0,0,25
BOULDER-W,30,2,0,2,0,0,,,48.505,-123.375,Saanich,1.113,1.067,0.04,10.17,27006.47,None,79,0.37,0.08,0,0,15
CAMROSE,30,2,0,1,0,0,,,48.454,-123.352,Saanich,1.477,1.104,0.25,1.97,69018.49,Low,66,0.7,-0.02,-1,0,-3
CEDAR,30,2,0,2,0,0,,,48.458,-123.347,Saanich,2.766,2.369,0.14,3.58,77929.92,High,68,0.62,0.04,0,0,19
CHATTER,30,2,1,3,1,0.5,,0.249896654,48.491,-123.385,Saanich,1.223,1.089,0.11,2.14,15888.79,Med,84,0.64,-0.06,1,0.249896654,9
DEAN-E,30,2,0,2,0,0,,,48.61,-123.443,BC Parks,0.725,0.725,0,7.95,17421.59,High,82,0.33,0.04,0,0,8
DEAN-P,30,3,0,2,0,0,0.244539877,,48.612,-123.442,BC Parks,0.769,0.769,0,9.85,17872.01,High,85,0.29,0.01,-1,-0.244539877,0
FKING-N,30,2,0,2,0,0,,,48.487,-123.442,CRD,1.355,0.987,0.27,1.74,409167.9,None,80,0.33,0.06,0,0,14
FKING-S,30,2,0,3,1,0,,0.249896654,48.477,-123.45,CRD,1.202,1.202,0,2.58,2171374,None,81,0.36,0.05,1,0.249896654,10
GARIBALDI-W,30,2,0,2,0,0,,,48.337,-123.58,DND,5.89,5.86,0.01,1.08,82461.15,None,95,0.28,0.04,0,0,21
GONZALES,30,1,0,1,0,0,,,48.414,-123.325,CRD,1.312,1.101,0.16,2.22,28234.75,Low,95,0.61,0.06,0,0,1
GORE,30,2,0,2,0,0,,,48.567,-123.455,CRD,1.548,1.34,0.13,6.1,39619.77,High,101,0.39,0,0,0,-2
HORTH,30,2,0,1,0,0,,,48.683,-123.432,CRD,1.216,0.871,0.28,2.89,22215.26,None,82,0.4,0.02,-1,0,15
KNOCKAN-N,30,3,1,2,1,0.333333333,0.249896654,,48.47,-123.417,Saanich; Friends of Knockan Hill Park,3.185,2.88,0.1,5.79,49476.64,Med,111,0.51,-0.03,-1,-0.249896654,4
KNOCKAN-S,30,2,1,2,1,0.5,,,48.469,-123.419,Saanich; Friends of Knockan Hill Park,1.27,1.109,0.13,4.35,62155.21,Low,97,0.6,-0.07,0,0,6
KONUKSON,30,1,0,2,0,0,,,48.454,-123.274,Saanich,0.595,0.565,0.05,8.31,70719.17,None,73,0.55,-0.14,1,0,-13
KONUKSON-A,30,1,0,1,0,0,,,48.455,-123.273,Saanich,0.178,0.134,0.25,2.27,72684.95,None,72,0.63,0,0,0,-3
LAYRITZ,30,3,1,2,0,0.333333333,0.249896654,,48.49,-123.413,Saanich,4.431,3.491,0.21,2.08,42008.72,None,107,0.51,0.06,-1,-0.249896654,5
LILDOUG,30,2,0,2,0,0,,,48.491,-123.351,Saanich,8.815,8.815,0,0.79,254285.7,High,106,0.42,-0.03,0,0,15
MOSSROCK,30,2,0,1,0,0,,,48.412,-123.346,City of Victoria,2.032,1.978,0.03,7.64,51199.58,Med,82,0.7,0.02,-1,0,17
PEACOCK,30,1,0,1,0,0,,,48.45,-123.353,Saanich,1.146,1.034,0.1,9.92,65664.79,Low,71,0.7,0.01,0,0,19
SCAFE-E,30,2,0,2,0,0,,,48.492,-123.485,CRD,5.028,5.028,0,5.43,881894,Low,99,0.35,0.06,0,0,20
SCAFE-W,30,2,0,2,0,0,,,48.492,-123.489,CRD,1.843,1.649,0.11,8.33,533719.8,None,76,0.38,-0.08,0,0,10
SEYMOUR-S,30,3,1,3,1,0.333333333,0.249896654,0.249896654,48.464,-123.465,CRD,3.267,3.022,0.07,3.44,2342245,None,106,0.39,-0.02,0,0,17
STEWART,30,2,0,3,1,0,,0.249896654,48.496,-123.493,CRD,6.524,5.833,0.11,0.69,476104.7,None,105,0.33,0.02,1,0.249896654,17
SUMMIT,30,2,0,2,0,0,,,48.446,-123.354,City of Victoria,5.882,4.961,0.16,11.26,33108.48,High,92,0.73,0.03,0,0,6
XMAS,30,2,0,2,0,0,,,48.474,-123.377,Christmas Hill Nature Sanctuary,8.721,8.721,0,3.44,65270.2,High,112,0.55,0.03,0,0,9
ALBERT,31,1,0,1,0,0,,,48.391,-123.49,DND,1.173,1.068,0.09,8.44,109130.2,Low,84,0.51,0,0,0,-1
BEAR-A,31,1,0,1,0,0,,,48.546,-123.409,CRD,2.146,1.824,0.15,3.64,50181.04,None,78,0.4,0.02,0,0,14
BEAR-E,31,2,0,2,0,0,,,48.546,-123.405,CRD,4.477,3.639,0.19,3.93,28970.14,Low,96,0.35,-0.01,0,0,-1
BOULDER-E,31,2,0,2,0,0,,,48.505,-123.372,Saanich,1.73,1.68,0.03,4.52,25283.02,None,94,0.44,0.02,0,0,25
BOULDER-W,31,1,0,1,0,0,,,48.505,-123.375,Saanich,1.113,1.067,0.04,10.17,27006.47,None,79,0.37,0.08,0,0,15
CAMROSE,31,,,1,0,,,,48.454,-123.352,Saanich,1.477,1.104,0.25,1.97,69018.49,Low,66,0.7,-0.02,1,0,-3
CEDAR,31,1,0,1,0,0,,,48.458,-123.347,Saanich,2.766,2.369,0.14,3.58,77929.92,High,68,0.62,0.04,0,0,19
CHATTER,31,1,0,1,0,0,,,48.491,-123.385,Saanich,1.223,1.089,0.11,2.14,15888.79,Med,84,0.64,-0.06,0,0,9
DEAN-E,31,2,0,1,0,0,,,48.61,-123.443,BC Parks,0.725,0.725,0,7.95,17421.59,High,82,0.33,0.04,-1,0,8
DEAN-P,31,3,0,3,0,0,0.20202982,0.20202982,48.612,-123.442,BC Parks,0.769,0.769,0,9.85,17872.01,High,85,0.29,0.01,0,0,0
FKING-N,31,2,0,2,0,0,,,48.487,-123.442,CRD,1.355,0.987,0.27,1.74,409167.9,None,80,0.33,0.06,0,0,14
FKING-S,31,3,0,3,0,0,0.20202982,0.20202982,48.477,-123.45,CRD,1.202,1.202,0,2.58,2171374,None,81,0.36,0.05,0,0,10
GARIBALDI-W,31,3,0,2,0,0,0.20202982,,48.337,-123.58,DND,5.89,5.86,0.01,1.08,82461.15,None,95,0.28,0.04,-1,-0.20202982,21
GONZALES,31,1,0,1,0,0,,,48.414,-123.325,CRD,1.312,1.101,0.16,2.22,28234.75,Low,95,0.61,0.06,0,0,1
GORE,31,2,0,2,0,0,,,48.567,-123.455,CRD,1.548,1.34,0.13,6.1,39619.77,High,101,0.39,0,0,0,-2
HORTH,31,1,0,1,0,0,,,48.683,-123.432,CRD,1.216,0.871,0.28,2.89,22215.26,None,82,0.4,0.02,0,0,15
KNOCKAN-N,31,1,0,1,0,0,,,48.47,-123.417,Saanich; Friends of Knockan Hill Park,3.185,2.88,0.1,5.79,49476.64,Med,111,0.51,-0.03,0,0,4
KNOCKAN-S,31,1,0,1,0,0,,,48.469,-123.419,Saanich; Friends of Knockan Hill Park,1.27,1.109,0.13,4.35,62155.21,Low,97,0.6,-0.07,0,0,6
KONUKSON,31,1,0,1,0,0,,,48.454,-123.274,Saanich,0.595,0.565,0.05,8.31,70719.17,None,73,0.55,-0.14,0,0,-13
KONUKSON-A,31,,,,,,,,48.455,-123.273,Saanich,0.178,0.134,0.25,2.27,72684.95,None,72,0.63,0,0,0,-3
LAYRITZ,31,1,0,1,0,0,,,48.49,-123.413,Saanich,4.431,3.491,0.21,2.08,42008.72,None,107,0.51,0.06,0,0,5
LILDOUG,31,1,0,1,0,0,,,48.491,-123.351,Saanich,8.815,8.815,0,0.79,254285.7,High,106,0.42,-0.03,0,0,15
MOSSROCK,31,1,0,1,0,0,,,48.412,-123.346,City of Victoria,2.032,1.978,0.03,7.64,51199.58,Med,82,0.7,0.02,0,0,17
PEACOCK,31,,,,,,,,48.45,-123.353,Saanich,1.146,1.034,0.1,9.92,65664.79,Low,71,0.7,0.01,0,0,19
SCAFE-E,31,2,0,1,0,0,,,48.492,-123.485,CRD,5.028,5.028,0,5.43,881894,Low,99,0.35,0.06,-1,0,20
SCAFE-W,31,1,0,1,0,0,,,48.492,-123.489,CRD,1.843,1.649,0.11,8.33,533719.8,None,76,0.38,-0.08,0,0,10
SEYMOUR-S,31,2,0,2,0,0,,,48.464,-123.465,CRD,3.267,3.022,0.07,3.44,2342245,None,106,0.39,-0.02,0,0,17
STEWART,31,1,0,1,0,0,,,48.496,-123.493,CRD,6.524,5.833,0.11,0.69,476104.7,None,105,0.33,0.02,0,0,17
SUMMIT,31,1,0,1,0,0,,,48.446,-123.354,City of Victoria,5.882,4.961,0.16,11.26,33108.48,High,92,0.73,0.03,0,0,6
XMAS,31,2,0,2,0,0,,,48.474,-123.377,Christmas Hill Nature Sanctuary,8.721,8.721,0,3.44,65270.2,High,112,0.55,0.03,0,0,9
