Site,Grp,FR.07,NIS.07,FR.17,NIS.17,Area.2007,Area.2017,Area.Change,RdDens.1KM,Conn,Invasive
ALBERT,1,3,0,3,0,1.173,1.068,0.09,8.44,109130.2,Low
BEAR-A,1,3,0,3,0,2.146,1.824,0.15,3.64,50181.04,None
BEAR-E,1,3,0,3,0,4.477,3.639,0.19,3.93,28970.14,Low
BOULDER-E,1,3,0,3,0,1.73,1.68,0.03,4.52,25283.02,None
BOULDER-W,1,3,0,3,0,1.113,1.067,0.04,10.17,27006.47,None
CAMROSE,1,2,0,2,0,1.477,1.104,0.25,1.97,69018.49,Low
CEDAR,1,2,0,2,0,2.766,2.369,0.14,3.58,77929.92,High
CHATTER,1,2,0,2,0,1.223,1.089,0.11,2.14,15888.79,Med
DEAN-E,1,3,0,3,0,0.725,0.725,0,7.95,17421.59,High
DEAN-P,1,3,0,3,0,0.769,0.769,0,9.85,17872.01,High
FKING-N,1,3,0,3,0,1.355,0.987,0.27,1.74,409167.9,None
FKING-S,1,3,0,3,0,1.202,1.202,0,2.58,2171374,None
GARIBALDI-W,1,4,0,4,0,5.89,5.86,0.01,1.08,82461.15,None
GONZALES,1,3,0,3,0,1.312,1.101,0.16,2.22,28234.75,Low
GORE,1,3,0,3,0,1.548,1.34,0.13,6.1,39619.77,High
HORTH,1,3,0,3,0,1.216,0.871,0.28,2.89,22215.26,None
KNOCKAN-N,1,3,0,3,0,3.185,2.88,0.1,5.79,49476.64,Med
KNOCKAN-S,1,3,0,3,0,1.27,1.109,0.13,4.35,62155.21,Low
KONUKSON,1,5,0,4,0,0.595,0.565,0.05,8.31,70719.17,None
KONUKSON-A,1,3,0,4,0,0.178,0.134,0.25,2.27,72684.95,None
LAYRITZ,1,4,0,4,0,4.431,3.491,0.21,2.08,42008.72,None
LILDOUG,1,3,0,3,0,8.815,8.815,0,0.79,254285.7,High
MOSSROCK,1,2,0,2,0,2.032,1.978,0.03,7.64,51199.58,Med
PEACOCK,1,1,0,2,0,1.146,1.034,0.1,9.92,65664.79,Low
SCAFE-E,1,3,0,3,0,5.028,5.028,0,5.43,881894,Low
SCAFE-W,1,3,0,3,0,1.843,1.649,0.11,8.33,533719.8,None
SEYMOUR,1,3,0,3,0,3.267,3.022,0.07,3.44,2342245,None
STEWART,1,3,0,3,0,6.524,5.833,0.11,0.69,476104.7,None
SUMMIT,1,2,0,3,0,5.882,4.961,0.16,11.26,33108.48,High
XMAS,1,3,0,4,0,8.721,8.721,0,3.44,65270.2,High
ALBERT,2,2,0,2,0,1.173,1.068,0.09,8.44,109130.2,Low
BEAR-A,2,2,0,1,0,2.146,1.824,0.15,3.64,50181.04,None
BEAR-E,2,2,0,2,0,4.477,3.639,0.19,3.93,28970.14,Low
BOULDER-E,2,3,0,3,0,1.73,1.68,0.03,4.52,25283.02,None
BOULDER-W,2,2,0,1,0,1.113,1.067,0.04,10.17,27006.47,None
CAMROSE,2,,,,,1.477,1.104,0.25,1.97,69018.49,Low
CEDAR,2,1,0,1,0,2.766,2.369,0.14,3.58,77929.92,High
CHATTER,2,1,0,1,0,1.223,1.089,0.11,2.14,15888.79,Med
DEAN-E,2,2,0,2,0,0.725,0.725,0,7.95,17421.59,High
DEAN-P,2,3,0,3,0,0.769,0.769,0,9.85,17872.01,High
FKING-N,2,3,0,5,0,1.355,0.987,0.27,1.74,409167.9,None
FKING-S,2,2,0,2,0,1.202,1.202,0,2.58,2171374,None
GARIBALDI-W,2,3,0,2,0,5.89,5.86,0.01,1.08,82461.15,None
GONZALES,2,1,0,1,0,1.312,1.101,0.16,2.22,28234.75,Low
GORE,2,3,0,3,0,1.548,1.34,0.13,6.1,39619.77,High
HORTH,2,2,0,4,0,1.216,0.871,0.28,2.89,22215.26,None
KNOCKAN-N,2,3,0,3,0,3.185,2.88,0.1,5.79,49476.64,Med
KNOCKAN-S,2,2,0,2,0,1.27,1.109,0.13,4.35,62155.21,Low
KONUKSON,2,1,0,1,0,0.595,0.565,0.05,8.31,70719.17,None
KONUKSON-A,2,2,0,2,0,0.178,0.134,0.25,2.27,72684.95,None
LAYRITZ,2,3,0,3,0,4.431,3.491,0.21,2.08,42008.72,None
LILDOUG,2,3,0,2,0,8.815,8.815,0,0.79,254285.7,High
MOSSROCK,2,2,1,2,1,2.032,1.978,0.03,7.64,51199.58,Med
PEACOCK,2,,,,,1.146,1.034,0.1,9.92,65664.79,Low
SCAFE-E,2,1,0,2,0,5.028,5.028,0,5.43,881894,Low
SCAFE-W,2,1,0,1,0,1.843,1.649,0.11,8.33,533719.8,None
SEYMOUR,2,3,0,3,0,3.267,3.022,0.07,3.44,2342245,None
STEWART,2,1,0,2,0,6.524,5.833,0.11,0.69,476104.7,None
SUMMIT,2,2,1,1,0,5.882,4.961,0.16,11.26,33108.48,High
XMAS,2,1,0,2,1,8.721,8.721,0,3.44,65270.2,High
ALBERT,3,3,2,3,2,1.173,1.068,0.09,8.44,109130.2,Low
BEAR-A,3,5,4,5,4,2.146,1.824,0.15,3.64,50181.04,None
BEAR-E,3,5,4,4,3,4.477,3.639,0.19,3.93,28970.14,Low
BOULDER-E,3,5,4,6,4,1.73,1.68,0.03,4.52,25283.02,None
BOULDER-W,3,5,4,5,4,1.113,1.067,0.04,10.17,27006.47,None
CAMROSE,3,4,3,6,5,1.477,1.104,0.25,1.97,69018.49,Low
CEDAR,3,4,4,6,5,2.766,2.369,0.14,3.58,77929.92,High
CHATTER,3,4,3,5,4,1.223,1.089,0.11,2.14,15888.79,Med
DEAN-E,3,5,4,5,4,0.725,0.725,0,7.95,17421.59,High
DEAN-P,3,4,3,4,3,0.769,0.769,0,9.85,17872.01,High
FKING-N,3,5,4,4,3,1.355,0.987,0.27,1.74,409167.9,None
FKING-S,3,5,4,5,4,1.202,1.202,0,2.58,2171374,None
GARIBALDI-W,3,6,4,4,3,5.89,5.86,0.01,1.08,82461.15,None
GONZALES,3,5,4,5,4,1.312,1.101,0.16,2.22,28234.75,Low
GORE,3,4,3,4,3,1.548,1.34,0.13,6.1,39619.77,High
HORTH,3,4,3,4,3,1.216,0.871,0.28,2.89,22215.26,None
KNOCKAN-N,3,4,3,6,5,3.185,2.88,0.1,5.79,49476.64,Med
KNOCKAN-S,3,9,7,5,5,1.27,1.109,0.13,4.35,62155.21,Low
KONUKSON,3,3,2,3,2,0.595,0.565,0.05,8.31,70719.17,None
KONUKSON-A,3,5,4,4,3,0.178,0.134,0.25,2.27,72684.95,None
LAYRITZ,3,6,5,6,5,4.431,3.491,0.21,2.08,42008.72,None
LILDOUG,3,5,4,6,5,8.815,8.815,0,0.79,254285.7,High
MOSSROCK,3,6,5,6,5,2.032,1.978,0.03,7.64,51199.58,Med
PEACOCK,3,5,4,4,3,1.146,1.034,0.1,9.92,65664.79,Low
SCAFE-E,3,4,3,5,4,5.028,5.028,0,5.43,881894,Low
SCAFE-W,3,5,4,5,4,1.843,1.649,0.11,8.33,533719.8,None
SEYMOUR,3,4,3,6,4,3.267,3.022,0.07,3.44,2342245,None
STEWART,3,4,3,5,4,6.524,5.833,0.11,0.69,476104.7,None
SUMMIT,3,7,6,6,5,5.882,4.961,0.16,11.26,33108.48,High
XMAS,3,6,5,7,5,8.721,8.721,0,3.44,65270.2,High
ALBERT,4,2,2,2,2,1.173,1.068,0.09,8.44,109130.2,Low
BEAR-A,4,4,2,4,2,2.146,1.824,0.15,3.64,50181.04,None
BEAR-E,4,6,2,3,1,4.477,3.639,0.19,3.93,28970.14,Low
BOULDER-E,4,2,2,4,2,1.73,1.68,0.03,4.52,25283.02,None
BOULDER-W,4,5,2,2,1,1.113,1.067,0.04,10.17,27006.47,None
CAMROSE,4,2,2,2,2,1.477,1.104,0.25,1.97,69018.49,Low
CEDAR,4,2,2,1,1,2.766,2.369,0.14,3.58,77929.92,High
CHATTER,4,2,2,2,2,1.223,1.089,0.11,2.14,15888.79,Med
DEAN-E,4,5,2,5,1,0.725,0.725,0,7.95,17421.59,High
DEAN-P,4,6,2,3,1,0.769,0.769,0,9.85,17872.01,High
FKING-N,4,5,2,5,2,1.355,0.987,0.27,1.74,409167.9,None
FKING-S,4,5,2,5,2,1.202,1.202,0,2.58,2171374,None
GARIBALDI-W,4,5,2,4,1,5.89,5.86,0.01,1.08,82461.15,None
GONZALES,4,2,2,2,2,1.312,1.101,0.16,2.22,28234.75,Low
GORE,4,5,3,4,3,1.548,1.34,0.13,6.1,39619.77,High
HORTH,4,5,2,2,1,1.216,0.871,0.28,2.89,22215.26,None
KNOCKAN-N,4,6,2,4,2,3.185,2.88,0.1,5.79,49476.64,Med
KNOCKAN-S,4,3,3,4,3,1.27,1.109,0.13,4.35,62155.21,Low
KONUKSON,4,2,2,2,1,0.595,0.565,0.05,8.31,70719.17,None
KONUKSON-A,4,2,2,1,1,0.178,0.134,0.25,2.27,72684.95,None
LAYRITZ,4,2,2,2,2,4.431,3.491,0.21,2.08,42008.72,None
LILDOUG,4,4,2,3,2,8.815,8.815,0,0.79,254285.7,High
MOSSROCK,4,2,2,2,2,2.032,1.978,0.03,7.64,51199.58,Med
PEACOCK,4,2,2,2,2,1.146,1.034,0.1,9.92,65664.79,Low
SCAFE-E,4,5,3,5,3,5.028,5.028,0,5.43,881894,Low
SCAFE-W,4,4,1,3,1,1.843,1.649,0.11,8.33,533719.8,None
SEYMOUR,4,6,3,7,3,3.267,3.022,0.07,3.44,2342245,None
STEWART,4,6,2,6,2,6.524,5.833,0.11,0.69,476104.7,None
SUMMIT,4,3,2,3,2,5.882,4.961,0.16,11.26,33108.48,High
XMAS,4,2,2,2,2,8.721,8.721,0,3.44,65270.2,High
ALBERT,5,,,1,0,1.173,1.068,0.09,8.44,109130.2,Low
BEAR-A,5,2,0,3,1,2.146,1.824,0.15,3.64,50181.04,None
BEAR-E,5,3,1,4,1,4.477,3.639,0.19,3.93,28970.14,Low
BOULDER-E,5,3,0,3,1,1.73,1.68,0.03,4.52,25283.02,None
BOULDER-W,5,2,0,1,0,1.113,1.067,0.04,10.17,27006.47,None
CAMROSE,5,2,2,2,1,1.477,1.104,0.25,1.97,69018.49,Low
CEDAR,5,2,1,5,3,2.766,2.369,0.14,3.58,77929.92,High
CHATTER,5,2,0,3,1,1.223,1.089,0.11,2.14,15888.79,Med
DEAN-E,5,3,1,3,1,0.725,0.725,0,7.95,17421.59,High
DEAN-P,5,1,0,1,0,0.769,0.769,0,9.85,17872.01,High
FKING-N,5,1,0,1,1,1.355,0.987,0.27,1.74,409167.9,None
FKING-S,5,1,1,3,1,1.202,1.202,0,2.58,2171374,None
GARIBALDI-W,5,3,0,4,1,5.89,5.86,0.01,1.08,82461.15,None
GONZALES,5,4,2,5,2,1.312,1.101,0.16,2.22,28234.75,Low
GORE,5,4,1,4,1,1.548,1.34,0.13,6.1,39619.77,High
HORTH,5,3,1,3,1,1.216,0.871,0.28,2.89,22215.26,None
KNOCKAN-N,5,4,1,3,1,3.185,2.88,0.1,5.79,49476.64,Med
KNOCKAN-S,5,3,1,2,1,1.27,1.109,0.13,4.35,62155.21,Low
KONUKSON,5,1,0,1,0,0.595,0.565,0.05,8.31,70719.17,None
KONUKSON-A,5,2,1,1,0,0.178,0.134,0.25,2.27,72684.95,None
LAYRITZ,5,2,1,3,1,4.431,3.491,0.21,2.08,42008.72,None
LILDOUG,5,5,1,3,0,8.815,8.815,0,0.79,254285.7,High
MOSSROCK,5,3,2,4,3,2.032,1.978,0.03,7.64,51199.58,Med
PEACOCK,5,1,1,2,1,1.146,1.034,0.1,9.92,65664.79,Low
SCAFE-E,5,3,0,3,0,5.028,5.028,0,5.43,881894,Low
SCAFE-W,5,3,0,3,1,1.843,1.649,0.11,8.33,533719.8,None
SEYMOUR,5,5,1,5,1,3.267,3.022,0.07,3.44,2342245,None
STEWART,5,3,0,3,0,6.524,5.833,0.11,0.69,476104.7,None
SUMMIT,5,2,1,4,3,5.882,4.961,0.16,11.26,33108.48,High
XMAS,5,4,1,4,2,8.721,8.721,0,3.44,65270.2,High
ALBERT,6,4,1,3,0,1.173,1.068,0.09,8.44,109130.2,Low
BEAR-A,6,3,0,6,1,2.146,1.824,0.15,3.64,50181.04,None
BEAR-E,6,6,0,6,0,4.477,3.639,0.19,3.93,28970.14,Low
BOULDER-E,6,5,1,9,2,1.73,1.68,0.03,4.52,25283.02,None
BOULDER-W,6,2,0,7,1,1.113,1.067,0.04,10.17,27006.47,None
CAMROSE,6,2,0,2,1,1.477,1.104,0.25,1.97,69018.49,Low
CEDAR,6,1,0,3,1,2.766,2.369,0.14,3.58,77929.92,High
CHATTER,6,3,2,2,1,1.223,1.089,0.11,2.14,15888.79,Med
DEAN-E,6,5,0,6,1,0.725,0.725,0,7.95,17421.59,High
DEAN-P,6,7,0,7,1,0.769,0.769,0,9.85,17872.01,High
FKING-N,6,6,0,5,1,1.355,0.987,0.27,1.74,409167.9,None
FKING-S,6,5,0,7,0,1.202,1.202,0,2.58,2171374,None
GARIBALDI-W,6,6,0,6,1,5.89,5.86,0.01,1.08,82461.15,None
GONZALES,6,2,0,4,1,1.312,1.101,0.16,2.22,28234.75,Low
GORE,6,6,0,9,1,1.548,1.34,0.13,6.1,39619.77,High
HORTH,6,5,0,7,1,1.216,0.871,0.28,2.89,22215.26,None
KNOCKAN-N,6,4,1,5,2,3.185,2.88,0.1,5.79,49476.64,Med
KNOCKAN-S,6,2,2,5,1,1.27,1.109,0.13,4.35,62155.21,Low
KONUKSON,6,4,0,6,1,0.595,0.565,0.05,8.31,70719.17,None
KONUKSON-A,6,2,0,1,0,0.178,0.134,0.25,2.27,72684.95,None
LAYRITZ,6,6,1,4,1,4.431,3.491,0.21,2.08,42008.72,None
LILDOUG,6,6,0,7,1,8.815,8.815,0,0.79,254285.7,High
MOSSROCK,6,1,0,2,1,2.032,1.978,0.03,7.64,51199.58,Med
PEACOCK,6,2,0,4,2,1.146,1.034,0.1,9.92,65664.79,Low
SCAFE-E,6,8,1,7,1,5.028,5.028,0,5.43,881894,Low
SCAFE-W,6,2,0,5,1,1.843,1.649,0.11,8.33,533719.8,None
SEYMOUR,6,9,0,11,2,3.267,3.022,0.07,3.44,2342245,None
STEWART,6,6,0,10,2,6.524,5.833,0.11,0.69,476104.7,None
SUMMIT,6,2,0,4,2,5.882,4.961,0.16,11.26,33108.48,High
XMAS,6,4,0,6,1,8.721,8.721,0,3.44,65270.2,High
ALBERT,8,8,5,8,5,1.173,1.068,0.09,8.44,109130.2,Low
BEAR-A,8,9,6,10,7,2.146,1.824,0.15,3.64,50181.04,None
BEAR-E,8,9,6,10,6,4.477,3.639,0.19,3.93,28970.14,Low
BOULDER-E,8,9,6,12,8,1.73,1.68,0.03,4.52,25283.02,None
BOULDER-W,8,8,5,9,6,1.113,1.067,0.04,10.17,27006.47,None
CAMROSE,8,4,4,7,5,1.477,1.104,0.25,1.97,69018.49,Low
CEDAR,8,6,6,9,6,2.766,2.369,0.14,3.58,77929.92,High
CHATTER,8,7,6,9,6,1.223,1.089,0.11,2.14,15888.79,Med
DEAN-E,8,8,5,10,6,0.725,0.725,0,7.95,17421.59,High
DEAN-P,8,10,6,12,8,0.769,0.769,0,9.85,17872.01,High
FKING-N,8,8,5,8,5,1.355,0.987,0.27,1.74,409167.9,None
FKING-S,8,7,5,9,6,1.202,1.202,0,2.58,2171374,None
GARIBALDI-W,8,9,5,9,5,5.89,5.86,0.01,1.08,82461.15,None
GONZALES,8,10,8,11,8,1.312,1.101,0.16,2.22,28234.75,Low
GORE,8,11,7,11,7,1.548,1.34,0.13,6.1,39619.77,High
HORTH,8,10,7,10,7,1.216,0.871,0.28,2.89,22215.26,None
KNOCKAN-N,8,11,8,13,8,3.185,2.88,0.1,5.79,49476.64,Med
KNOCKAN-S,8,9,6,11,7,1.27,1.109,0.13,4.35,62155.21,Low
KONUKSON,8,8,6,10,6,0.595,0.565,0.05,8.31,70719.17,None
KONUKSON-A,8,8,6,8,5,0.178,0.134,0.25,2.27,72684.95,None
LAYRITZ,8,10,7,9,5,4.431,3.491,0.21,2.08,42008.72,None
LILDOUG,8,10,6,10,6,8.815,8.815,0,0.79,254285.7,High
MOSSROCK,8,3,3,9,6,2.032,1.978,0.03,7.64,51199.58,Med
PEACOCK,8,8,7,8,7,1.146,1.034,0.1,9.92,65664.79,Low
SCAFE-E,8,10,6,12,8,5.028,5.028,0,5.43,881894,Low
SCAFE-W,8,9,5,11,7,1.843,1.649,0.11,8.33,533719.8,None
SEYMOUR,8,9,6,9,6,3.267,3.022,0.07,3.44,2342245,None
STEWART,8,12,6,11,8,6.524,5.833,0.11,0.69,476104.7,None
SUMMIT,8,7,7,12,7,5.882,4.961,0.16,11.26,33108.48,High
XMAS,8,10,7,13,8,8.721,8.721,0,3.44,65270.2,High
ALBERT,9,1,1,2,2,1.173,1.068,0.09,8.44,109130.2,Low
BEAR-A,9,2,1,2,1,2.146,1.824,0.15,3.64,50181.04,None
BEAR-E,9,2,1,2,1,4.477,3.639,0.19,3.93,28970.14,Low
BOULDER-E,9,2,1,3,2,1.73,1.68,0.03,4.52,25283.02,None
BOULDER-W,9,2,1,3,2,1.113,1.067,0.04,10.17,27006.47,None
CAMROSE,9,2,2,3,3,1.477,1.104,0.25,1.97,69018.49,Low
CEDAR,9,2,1,4,3,2.766,2.369,0.14,3.58,77929.92,High
CHATTER,9,1,1,1,1,1.223,1.089,0.11,2.14,15888.79,Med
DEAN-E,9,2,1,2,1,0.725,0.725,0,7.95,17421.59,High
DEAN-P,9,2,1,2,1,0.769,0.769,0,9.85,17872.01,High
FKING-N,9,2,1,1,1,1.355,0.987,0.27,1.74,409167.9,None
FKING-S,9,2,1,2,1,1.202,1.202,0,2.58,2171374,None
GARIBALDI-W,9,3,1,2,1,5.89,5.86,0.01,1.08,82461.15,None
GONZALES,9,5,3,3,3,1.312,1.101,0.16,2.22,28234.75,Low
GORE,9,3,1,3,1,1.548,1.34,0.13,6.1,39619.77,High
HORTH,9,2,1,2,1,1.216,0.871,0.28,2.89,22215.26,None
KNOCKAN-N,9,2,1,3,2,3.185,2.88,0.1,5.79,49476.64,Med
KNOCKAN-S,9,2,2,3,3,1.27,1.109,0.13,4.35,62155.21,Low
KONUKSON,9,4,3,2,1,0.595,0.565,0.05,8.31,70719.17,None
KONUKSON-A,9,2,2,1,1,0.178,0.134,0.25,2.27,72684.95,None
LAYRITZ,9,1,1,2,2,4.431,3.491,0.21,2.08,42008.72,None
LILDOUG,9,3,2,3,2,8.815,8.815,0,0.79,254285.7,High
MOSSROCK,9,3,3,4,3,2.032,1.978,0.03,7.64,51199.58,Med
PEACOCK,9,3,3,3,3,1.146,1.034,0.1,9.92,65664.79,Low
SCAFE-E,9,2,1,2,1,5.028,5.028,0,5.43,881894,Low
SCAFE-W,9,2,1,2,1,1.843,1.649,0.11,8.33,533719.8,None
SEYMOUR,9,3,1,2,1,3.267,3.022,0.07,3.44,2342245,None
STEWART,9,2,1,2,1,6.524,5.833,0.11,0.69,476104.7,None
SUMMIT,9,4,4,4,4,5.882,4.961,0.16,11.26,33108.48,High
XMAS,9,4,3,4,3,8.721,8.721,0,3.44,65270.2,High
ALBERT,10,1,0,1,0,1.173,1.068,0.09,8.44,109130.2,Low
BEAR-A,10,2,0,1,0,2.146,1.824,0.15,3.64,50181.04,None
BEAR-E,10,1,0,1,0,4.477,3.639,0.19,3.93,28970.14,Low
BOULDER-E,10,2,0,1,0,1.73,1.68,0.03,4.52,25283.02,None
BOULDER-W,10,1,0,1,0,1.113,1.067,0.04,10.17,27006.47,None
CAMROSE,10,1,0,1,0,1.477,1.104,0.25,1.97,69018.49,Low
CEDAR,10,2,0,1,0,2.766,2.369,0.14,3.58,77929.92,High
CHATTER,10,1,0,1,0,1.223,1.089,0.11,2.14,15888.79,Med
DEAN-E,10,1,0,3,0,0.725,0.725,0,7.95,17421.59,High
DEAN-P,10,3,0,2,0,0.769,0.769,0,9.85,17872.01,High
FKING-N,10,2,0,3,0,1.355,0.987,0.27,1.74,409167.9,None
FKING-S,10,1,0,2,0,1.202,1.202,0,2.58,2171374,None
GARIBALDI-W,10,3,0,1,0,5.89,5.86,0.01,1.08,82461.15,None
GONZALES,10,3,0,2,0,1.312,1.101,0.16,2.22,28234.75,Low
GORE,10,2,0,3,0,1.548,1.34,0.13,6.1,39619.77,High
HORTH,10,2,0,2,0,1.216,0.871,0.28,2.89,22215.26,None
KNOCKAN-N,10,2,0,2,0,3.185,2.88,0.1,5.79,49476.64,Med
KNOCKAN-S,10,2,0,2,0,1.27,1.109,0.13,4.35,62155.21,Low
KONUKSON,10,2,0,1,0,0.595,0.565,0.05,8.31,70719.17,None
KONUKSON-A,10,1,0,1,0,0.178,0.134,0.25,2.27,72684.95,None
LAYRITZ,10,2,0,1,0,4.431,3.491,0.21,2.08,42008.72,None
LILDOUG,10,2,0,1,0,8.815,8.815,0,0.79,254285.7,High
MOSSROCK,10,2,0,2,0,2.032,1.978,0.03,7.64,51199.58,Med
PEACOCK,10,1,0,2,1,1.146,1.034,0.1,9.92,65664.79,Low
SCAFE-E,10,3,0,3,0,5.028,5.028,0,5.43,881894,Low
SCAFE-W,10,1,0,1,0,1.843,1.649,0.11,8.33,533719.8,None
SEYMOUR,10,2,0,2,0,3.267,3.022,0.07,3.44,2342245,None
STEWART,10,2,0,1,0,6.524,5.833,0.11,0.69,476104.7,None
SUMMIT,10,1,0,1,0,5.882,4.961,0.16,11.26,33108.48,High
XMAS,10,2,0,2,0,8.721,8.721,0,3.44,65270.2,High
ALBERT,12,4,2,2,1,1.173,1.068,0.09,8.44,109130.2,Low
BEAR-A,12,4,2,3,1,2.146,1.824,0.15,3.64,50181.04,None
BEAR-E,12,5,2,4,2,4.477,3.639,0.19,3.93,28970.14,Low
BOULDER-E,12,6,2,8,4,1.73,1.68,0.03,4.52,25283.02,None
BOULDER-W,12,4,3,4,3,1.113,1.067,0.04,10.17,27006.47,None
CAMROSE,12,4,1,1,0,1.477,1.104,0.25,1.97,69018.49,Low
CEDAR,12,3,1,3,2,2.766,2.369,0.14,3.58,77929.92,High
CHATTER,12,3,1,3,1,1.223,1.089,0.11,2.14,15888.79,Med
DEAN-E,12,3,2,4,2,0.725,0.725,0,7.95,17421.59,High
DEAN-P,12,2,2,5,2,0.769,0.769,0,9.85,17872.01,High
FKING-N,12,4,2,3,2,1.355,0.987,0.27,1.74,409167.9,None
FKING-S,12,3,1,3,1,1.202,1.202,0,2.58,2171374,None
GARIBALDI-W,12,4,1,3,1,5.89,5.86,0.01,1.08,82461.15,None
GONZALES,12,5,2,2,1,1.312,1.101,0.16,2.22,28234.75,Low
GORE,12,6,2,5,2,1.548,1.34,0.13,6.1,39619.77,High
HORTH,12,4,2,4,2,1.216,0.871,0.28,2.89,22215.26,None
KNOCKAN-N,12,7,2,5,2,3.185,2.88,0.1,5.79,49476.64,Med
KNOCKAN-S,12,4,2,4,1,1.27,1.109,0.13,4.35,62155.21,Low
KONUKSON,12,2,0,2,1,0.595,0.565,0.05,8.31,70719.17,None
KONUKSON-A,12,4,2,3,1,0.178,0.134,0.25,2.27,72684.95,None
LAYRITZ,12,6,4,5,2,4.431,3.491,0.21,2.08,42008.72,None
LILDOUG,12,5,3,5,3,8.815,8.815,0,0.79,254285.7,High
MOSSROCK,12,3,1,5,2,2.032,1.978,0.03,7.64,51199.58,Med
PEACOCK,12,4,1,6,2,1.146,1.034,0.1,9.92,65664.79,Low
SCAFE-E,12,4,2,6,3,5.028,5.028,0,5.43,881894,Low
SCAFE-W,12,3,2,2,1,1.843,1.649,0.11,8.33,533719.8,None
SEYMOUR,12,4,2,5,2,3.267,3.022,0.07,3.44,2342245,None
STEWART,12,3,2,4,2,6.524,5.833,0.11,0.69,476104.7,None
SUMMIT,12,6,3,5,3,5.882,4.961,0.16,11.26,33108.48,High
XMAS,12,7,4,8,5,8.721,8.721,0,3.44,65270.2,High
ALBERT,13,4,0,5,1,1.173,1.068,0.09,8.44,109130.2,Low
BEAR-A,13,2,0,4,1,2.146,1.824,0.15,3.64,50181.04,None
BEAR-E,13,3,0,4,0,4.477,3.639,0.19,3.93,28970.14,Low
BOULDER-E,13,4,0,6,1,1.73,1.68,0.03,4.52,25283.02,None
BOULDER-W,13,4,0,4,0,1.113,1.067,0.04,10.17,27006.47,None
CAMROSE,13,,,,,1.477,1.104,0.25,1.97,69018.49,Low
CEDAR,13,2,0,1,1,2.766,2.369,0.14,3.58,77929.92,High
CHATTER,13,2,0,3,0,1.223,1.089,0.11,2.14,15888.79,Med
DEAN-E,13,4,0,3,0,0.725,0.725,0,7.95,17421.59,High
DEAN-P,13,4,0,5,0,0.769,0.769,0,9.85,17872.01,High
FKING-N,13,4,0,6,1,1.355,0.987,0.27,1.74,409167.9,None
FKING-S,13,3,0,5,1,1.202,1.202,0,2.58,2171374,None
GARIBALDI-W,13,4,0,4,0,5.89,5.86,0.01,1.08,82461.15,None
GONZALES,13,4,2,5,2,1.312,1.101,0.16,2.22,28234.75,Low
GORE,13,3,0,3,0,1.548,1.34,0.13,6.1,39619.77,High
HORTH,13,3,0,2,0,1.216,0.871,0.28,2.89,22215.26,None
KNOCKAN-N,13,4,1,2,0,3.185,2.88,0.1,5.79,49476.64,Med
KNOCKAN-S,13,3,2,2,1,1.27,1.109,0.13,4.35,62155.21,Low
KONUKSON,13,1,0,1,0,0.595,0.565,0.05,8.31,70719.17,None
KONUKSON-A,13,2,0,1,0,0.178,0.134,0.25,2.27,72684.95,None
LAYRITZ,13,3,0,4,0,4.431,3.491,0.21,2.08,42008.72,None
LILDOUG,13,3,0,5,1,8.815,8.815,0,0.79,254285.7,High
MOSSROCK,13,3,1,3,1,2.032,1.978,0.03,7.64,51199.58,Med
PEACOCK,13,2,1,2,1,1.146,1.034,0.1,9.92,65664.79,Low
SCAFE-E,13,5,0,6,0,5.028,5.028,0,5.43,881894,Low
SCAFE-W,13,3,0,4,0,1.843,1.649,0.11,8.33,533719.8,None
SEYMOUR,13,3,0,5,0,3.267,3.022,0.07,3.44,2342245,None
STEWART,13,4,0,5,0,6.524,5.833,0.11,0.69,476104.7,None
SUMMIT,13,1,1,1,0,5.882,4.961,0.16,11.26,33108.48,High
XMAS,13,3,0,5,0,8.721,8.721,0,3.44,65270.2,High
ALBERT,15,,,,,1.173,1.068,0.09,8.44,109130.2,Low
BEAR-A,15,1,0,1,0,2.146,1.824,0.15,3.64,50181.04,None
BEAR-E,15,4,0,3,0,4.477,3.639,0.19,3.93,28970.14,Low
BOULDER-E,15,,,1,0,1.73,1.68,0.03,4.52,25283.02,None
BOULDER-W,15,1,0,,,1.113,1.067,0.04,10.17,27006.47,None
CAMROSE,15,,,,,1.477,1.104,0.25,1.97,69018.49,Low
CEDAR,15,,,,,2.766,2.369,0.14,3.58,77929.92,High
CHATTER,15,3,1,2,0,1.223,1.089,0.11,2.14,15888.79,Med
DEAN-E,15,,,1,0,0.725,0.725,0,7.95,17421.59,High
DEAN-P,15,1,0,2,0,0.769,0.769,0,9.85,17872.01,High
FKING-N,15,,,,,1.355,0.987,0.27,1.74,409167.9,None
FKING-S,15,2,0,1,0,1.202,1.202,0,2.58,2171374,None
GARIBALDI-W,15,,,1,0,5.89,5.86,0.01,1.08,82461.15,None
GONZALES,15,1,1,,,1.312,1.101,0.16,2.22,28234.75,Low
GORE,15,2,0,1,0,1.548,1.34,0.13,6.1,39619.77,High
HORTH,15,,,,,1.216,0.871,0.28,2.89,22215.26,None
KNOCKAN-N,15,1,0,,,3.185,2.88,0.1,5.79,49476.64,Med
KNOCKAN-S,15,1,0,1,0,1.27,1.109,0.13,4.35,62155.21,Low
KONUKSON,15,,,,,0.595,0.565,0.05,8.31,70719.17,None
KONUKSON-A,15,,,,,0.178,0.134,0.25,2.27,72684.95,None
LAYRITZ,15,,,,,4.431,3.491,0.21,2.08,42008.72,None
LILDOUG,15,2,0,1,0,8.815,8.815,0,0.79,254285.7,High
MOSSROCK,15,,,1,0,2.032,1.978,0.03,7.64,51199.58,Med
PEACOCK,15,,,,,1.146,1.034,0.1,9.92,65664.79,Low
SCAFE-E,15,1,0,1,0,5.028,5.028,0,5.43,881894,Low
SCAFE-W,15,,,,,1.843,1.649,0.11,8.33,533719.8,None
SEYMOUR,15,,,1,0,3.267,3.022,0.07,3.44,2342245,None
STEWART,15,3,0,3,0,6.524,5.833,0.11,0.69,476104.7,None
SUMMIT,15,1,1,1,1,5.882,4.961,0.16,11.26,33108.48,High
XMAS,15,1,0,1,0,8.721,8.721,0,3.44,65270.2,High
ALBERT,16,2,2,3,2,1.173,1.068,0.09,8.44,109130.2,Low
BEAR-A,16,3,1,4,1,2.146,1.824,0.15,3.64,50181.04,None
BEAR-E,16,3,1,4,1,4.477,3.639,0.19,3.93,28970.14,Low
BOULDER-E,16,2,1,4,1,1.73,1.68,0.03,4.52,25283.02,None
BOULDER-W,16,3,1,4,1,1.113,1.067,0.04,10.17,27006.47,None
CAMROSE,16,1,1,3,2,1.477,1.104,0.25,1.97,69018.49,Low
CEDAR,16,2,1,2,1,2.766,2.369,0.14,3.58,77929.92,High
CHATTER,16,2,2,2,2,1.223,1.089,0.11,2.14,15888.79,Med
DEAN-E,16,3,1,3,1,0.725,0.725,0,7.95,17421.59,High
DEAN-P,16,3,1,3,1,0.769,0.769,0,9.85,17872.01,High
FKING-N,16,2,0,1,0,1.355,0.987,0.27,1.74,409167.9,None
FKING-S,16,3,1,3,1,1.202,1.202,0,2.58,2171374,None
GARIBALDI-W,16,5,2,5,2,5.89,5.86,0.01,1.08,82461.15,None
GONZALES,16,4,4,4,4,1.312,1.101,0.16,2.22,28234.75,Low
GORE,16,3,1,4,1,1.548,1.34,0.13,6.1,39619.77,High
HORTH,16,4,2,4,2,1.216,0.871,0.28,2.89,22215.26,None
KNOCKAN-N,16,4,3,5,3,3.185,2.88,0.1,5.79,49476.64,Med
KNOCKAN-S,16,4,2,3,2,1.27,1.109,0.13,4.35,62155.21,Low
KONUKSON,16,3,3,4,2,0.595,0.565,0.05,8.31,70719.17,None
KONUKSON-A,16,4,3,2,1,0.178,0.134,0.25,2.27,72684.95,None
LAYRITZ,16,4,2,5,2,4.431,3.491,0.21,2.08,42008.72,None
LILDOUG,16,5,3,6,3,8.815,8.815,0,0.79,254285.7,High
MOSSROCK,16,4,4,4,4,2.032,1.978,0.03,7.64,51199.58,Med
PEACOCK,16,4,4,4,4,1.146,1.034,0.1,9.92,65664.79,Low
SCAFE-E,16,3,1,4,1,5.028,5.028,0,5.43,881894,Low
SCAFE-W,16,3,1,3,1,1.843,1.649,0.11,8.33,533719.8,None
SEYMOUR,16,3,1,4,2,3.267,3.022,0.07,3.44,2342245,None
STEWART,16,4,2,6,3,6.524,5.833,0.11,0.69,476104.7,None
SUMMIT,16,4,4,3,3,5.882,4.961,0.16,11.26,33108.48,High
XMAS,16,2,2,4,3,8.721,8.721,0,3.44,65270.2,High
ALBERT,17,8,6,9,6,1.173,1.068,0.09,8.44,109130.2,Low
BEAR-A,17,4,3,5,3,2.146,1.824,0.15,3.64,50181.04,None
BEAR-E,17,5,4,4,3,4.477,3.639,0.19,3.93,28970.14,Low
BOULDER-E,17,5,5,9,8,1.73,1.68,0.03,4.52,25283.02,None
BOULDER-W,17,5,4,6,5,1.113,1.067,0.04,10.17,27006.47,None
CAMROSE,17,11,10,7,7,1.477,1.104,0.25,1.97,69018.49,Low
CEDAR,17,10,9,10,9,2.766,2.369,0.14,3.58,77929.92,High
CHATTER,17,7,7,9,8,1.223,1.089,0.11,2.14,15888.79,Med
DEAN-E,17,2,2,4,3,0.725,0.725,0,7.95,17421.59,High
DEAN-P,17,2,2,4,3,0.769,0.769,0,9.85,17872.01,High
FKING-N,17,3,2,4,2,1.355,0.987,0.27,1.74,409167.9,None
FKING-S,17,3,2,5,3,1.202,1.202,0,2.58,2171374,None
GARIBALDI-W,17,5,4,6,4,5.89,5.86,0.01,1.08,82461.15,None
GONZALES,17,9,8,8,7,1.312,1.101,0.16,2.22,28234.75,Low
GORE,17,5,5,8,5,1.548,1.34,0.13,6.1,39619.77,High
HORTH,17,5,4,5,5,1.216,0.871,0.28,2.89,22215.26,None
KNOCKAN-N,17,9,9,8,7,3.185,2.88,0.1,5.79,49476.64,Med
KNOCKAN-S,17,10,9,10,8,1.27,1.109,0.13,4.35,62155.21,Low
KONUKSON,17,9,9,10,9,0.595,0.565,0.05,8.31,70719.17,None
KONUKSON-A,17,6,6,3,3,0.178,0.134,0.25,2.27,72684.95,None
LAYRITZ,17,11,9,11,8,4.431,3.491,0.21,2.08,42008.72,None
LILDOUG,17,5,5,8,7,8.815,8.815,0,0.79,254285.7,High
MOSSROCK,17,9,8,11,9,2.032,1.978,0.03,7.64,51199.58,Med
PEACOCK,17,10,9,12,10,1.146,1.034,0.1,9.92,65664.79,Low
SCAFE-E,17,4,3,6,4,5.028,5.028,0,5.43,881894,Low
SCAFE-W,17,4,4,5,4,1.843,1.649,0.11,8.33,533719.8,None
SEYMOUR,17,5,4,9,7,3.267,3.022,0.07,3.44,2342245,None
STEWART,17,5,4,7,5,6.524,5.833,0.11,0.69,476104.7,None
SUMMIT,17,8,7,9,8,5.882,4.961,0.16,11.26,33108.48,High
XMAS,17,10,9,10,8,8.721,8.721,0,3.44,65270.2,High
ALBERT,18,1,0,,,1.173,1.068,0.09,8.44,109130.2,Low
BEAR-A,18,,,2,1,2.146,1.824,0.15,3.64,50181.04,None
BEAR-E,18,,,2,1,4.477,3.639,0.19,3.93,28970.14,Low
BOULDER-E,18,1,0,3,1,1.73,1.68,0.03,4.52,25283.02,None
BOULDER-W,18,,,1,0,1.113,1.067,0.04,10.17,27006.47,None
CAMROSE,18,,,1,1,1.477,1.104,0.25,1.97,69018.49,Low
CEDAR,18,,,,,2.766,2.369,0.14,3.58,77929.92,High
CHATTER,18,1,0,2,1,1.223,1.089,0.11,2.14,15888.79,Med
DEAN-E,18,1,0,,,0.725,0.725,0,7.95,17421.59,High
DEAN-P,18,,,1,1,0.769,0.769,0,9.85,17872.01,High
FKING-N,18,,,,,1.355,0.987,0.27,1.74,409167.9,None
FKING-S,18,,,,,1.202,1.202,0,2.58,2171374,None
GARIBALDI-W,18,,,1,0,5.89,5.86,0.01,1.08,82461.15,None
GONZALES,18,1,1,2,1,1.312,1.101,0.16,2.22,28234.75,Low
GORE,18,,,2,0,1.548,1.34,0.13,6.1,39619.77,High
HORTH,18,1,0,1,0,1.216,0.871,0.28,2.89,22215.26,None
KNOCKAN-N,18,2,1,2,1,3.185,2.88,0.1,5.79,49476.64,Med
KNOCKAN-S,18,1,0,2,1,1.27,1.109,0.13,4.35,62155.21,Low
KONUKSON,18,,,1,1,0.595,0.565,0.05,8.31,70719.17,None
KONUKSON-A,18,,,1,1,0.178,0.134,0.25,2.27,72684.95,None
LAYRITZ,18,1,0,1,1,4.431,3.491,0.21,2.08,42008.72,None
LILDOUG,18,2,0,4,2,8.815,8.815,0,0.79,254285.7,High
MOSSROCK,18,2,1,2,1,2.032,1.978,0.03,7.64,51199.58,Med
PEACOCK,18,1,0,1,1,1.146,1.034,0.1,9.92,65664.79,Low
SCAFE-E,18,1,0,2,0,5.028,5.028,0,5.43,881894,Low
SCAFE-W,18,2,0,1,0,1.843,1.649,0.11,8.33,533719.8,None
SEYMOUR,18,,,1,1,3.267,3.022,0.07,3.44,2342245,None
STEWART,18,1,0,1,0,6.524,5.833,0.11,0.69,476104.7,None
SUMMIT,18,3,2,2,1,5.882,4.961,0.16,11.26,33108.48,High
XMAS,18,1,0,3,1,8.721,8.721,0,3.44,65270.2,High
ALBERT,19,4,0,4,0,1.173,1.068,0.09,8.44,109130.2,Low
BEAR-A,19,5,0,5,0,2.146,1.824,0.15,3.64,50181.04,None
BEAR-E,19,5,0,6,0,4.477,3.639,0.19,3.93,28970.14,Low
BOULDER-E,19,5,0,5,0,1.73,1.68,0.03,4.52,25283.02,None
BOULDER-W,19,5,0,7,0,1.113,1.067,0.04,10.17,27006.47,None
CAMROSE,19,3,0,3,0,1.477,1.104,0.25,1.97,69018.49,Low
CEDAR,19,3,0,4,1,2.766,2.369,0.14,3.58,77929.92,High
CHATTER,19,5,1,5,1,1.223,1.089,0.11,2.14,15888.79,Med
DEAN-E,19,5,0,5,0,0.725,0.725,0,7.95,17421.59,High
DEAN-P,19,5,0,5,0,0.769,0.769,0,9.85,17872.01,High
FKING-N,19,4,0,5,0,1.355,0.987,0.27,1.74,409167.9,None
FKING-S,19,4,0,4,0,1.202,1.202,0,2.58,2171374,None
GARIBALDI-W,19,5,0,4,0,5.89,5.86,0.01,1.08,82461.15,None
GONZALES,19,3,0,4,0,1.312,1.101,0.16,2.22,28234.75,Low
GORE,19,6,0,6,0,1.548,1.34,0.13,6.1,39619.77,High
HORTH,19,6,0,5,0,1.216,0.871,0.28,2.89,22215.26,None
KNOCKAN-N,19,5,0,6,0,3.185,2.88,0.1,5.79,49476.64,Med
KNOCKAN-S,19,5,0,6,0,1.27,1.109,0.13,4.35,62155.21,Low
KONUKSON,19,4,0,4,0,0.595,0.565,0.05,8.31,70719.17,None
KONUKSON-A,19,3,0,4,0,0.178,0.134,0.25,2.27,72684.95,None
LAYRITZ,19,6,0,6,0,4.431,3.491,0.21,2.08,42008.72,None
LILDOUG,19,5,0,5,0,8.815,8.815,0,0.79,254285.7,High
MOSSROCK,19,3,0,3,0,2.032,1.978,0.03,7.64,51199.58,Med
PEACOCK,19,3,0,3,0,1.146,1.034,0.1,9.92,65664.79,Low
SCAFE-E,19,5,0,6,0,5.028,5.028,0,5.43,881894,Low
SCAFE-W,19,3,0,4,0,1.843,1.649,0.11,8.33,533719.8,None
SEYMOUR,19,6,0,6,0,3.267,3.022,0.07,3.44,2342245,None
STEWART,19,7,0,6,0,6.524,5.833,0.11,0.69,476104.7,None
SUMMIT,19,3,0,4,1,5.882,4.961,0.16,11.26,33108.48,High
XMAS,19,5,0,6,0,8.721,8.721,0,3.44,65270.2,High
ALBERT,20,3,1,3,2,1.173,1.068,0.09,8.44,109130.2,Low
BEAR-A,20,3,1,3,1,2.146,1.824,0.15,3.64,50181.04,None
BEAR-E,20,2,1,1,1,4.477,3.639,0.19,3.93,28970.14,Low
BOULDER-E,20,3,2,2,2,1.73,1.68,0.03,4.52,25283.02,None
BOULDER-W,20,2,1,2,1,1.113,1.067,0.04,10.17,27006.47,None
CAMROSE,20,4,2,3,2,1.477,1.104,0.25,1.97,69018.49,Low
CEDAR,20,3,2,3,2,2.766,2.369,0.14,3.58,77929.92,High
CHATTER,20,3,2,2,1,1.223,1.089,0.11,2.14,15888.79,Med
DEAN-E,20,5,2,3,1,0.725,0.725,0,7.95,17421.59,High
DEAN-P,20,3,1,2,1,0.769,0.769,0,9.85,17872.01,High
FKING-N,20,4,2,3,2,1.355,0.987,0.27,1.74,409167.9,None
FKING-S,20,4,2,3,1,1.202,1.202,0,2.58,2171374,None
GARIBALDI-W,20,3,1,3,1,5.89,5.86,0.01,1.08,82461.15,None
GONZALES,20,5,3,2,2,1.312,1.101,0.16,2.22,28234.75,Low
GORE,20,4,2,4,2,1.548,1.34,0.13,6.1,39619.77,High
HORTH,20,3,1,3,1,1.216,0.871,0.28,2.89,22215.26,None
KNOCKAN-N,20,4,2,4,2,3.185,2.88,0.1,5.79,49476.64,Med
KNOCKAN-S,20,3,1,2,1,1.27,1.109,0.13,4.35,62155.21,Low
KONUKSON,20,1,1,2,1,0.595,0.565,0.05,8.31,70719.17,None
KONUKSON-A,20,1,1,1,1,0.178,0.134,0.25,2.27,72684.95,None
LAYRITZ,20,2,1,1,1,4.431,3.491,0.21,2.08,42008.72,None
LILDOUG,20,4,1,4,2,8.815,8.815,0,0.79,254285.7,High
MOSSROCK,20,2,2,1,1,2.032,1.978,0.03,7.64,51199.58,Med
PEACOCK,20,3,2,3,2,1.146,1.034,0.1,9.92,65664.79,Low
SCAFE-E,20,2,1,4,1,5.028,5.028,0,5.43,881894,Low
SCAFE-W,20,2,1,2,1,1.843,1.649,0.11,8.33,533719.8,None
SEYMOUR,20,3,1,3,1,3.267,3.022,0.07,3.44,2342245,None
STEWART,20,3,1,3,1,6.524,5.833,0.11,0.69,476104.7,None
SUMMIT,20,3,2,3,1,5.882,4.961,0.16,11.26,33108.48,High
XMAS,20,4,2,3,2,8.721,8.721,0,3.44,65270.2,High
ALBERT,22,1,1,1,1,1.173,1.068,0.09,8.44,109130.2,Low
BEAR-A,22,1,1,1,1,2.146,1.824,0.15,3.64,50181.04,None
BEAR-E,22,1,1,1,1,4.477,3.639,0.19,3.93,28970.14,Low
BOULDER-E,22,2,2,3,3,1.73,1.68,0.03,4.52,25283.02,None
BOULDER-W,22,2,2,1,1,1.113,1.067,0.04,10.17,27006.47,None
CAMROSE,22,1,1,1,1,1.477,1.104,0.25,1.97,69018.49,Low
CEDAR,22,1,1,3,2,2.766,2.369,0.14,3.58,77929.92,High
CHATTER,22,1,1,1,1,1.223,1.089,0.11,2.14,15888.79,Med
DEAN-E,22,1,1,3,2,0.725,0.725,0,7.95,17421.59,High
DEAN-P,22,3,2,5,3,0.769,0.769,0,9.85,17872.01,High
FKING-N,22,1,1,1,1,1.355,0.987,0.27,1.74,409167.9,None
FKING-S,22,1,1,2,2,1.202,1.202,0,2.58,2171374,None
GARIBALDI-W,22,3,2,3,2,5.89,5.86,0.01,1.08,82461.15,None
GONZALES,22,1,1,2,2,1.312,1.101,0.16,2.22,28234.75,Low
GORE,22,1,1,3,2,1.548,1.34,0.13,6.1,39619.77,High
HORTH,22,2,2,5,3,1.216,0.871,0.28,2.89,22215.26,None
KNOCKAN-N,22,1,1,2,2,3.185,2.88,0.1,5.79,49476.64,Med
KNOCKAN-S,22,1,1,3,3,1.27,1.109,0.13,4.35,62155.21,Low
KONUKSON,22,1,1,1,1,0.595,0.565,0.05,8.31,70719.17,None
KONUKSON-A,22,1,1,1,1,0.178,0.134,0.25,2.27,72684.95,None
LAYRITZ,22,1,1,2,2,4.431,3.491,0.21,2.08,42008.72,None
LILDOUG,22,3,2,2,2,8.815,8.815,0,0.79,254285.7,High
MOSSROCK,22,1,1,2,2,2.032,1.978,0.03,7.64,51199.58,Med
PEACOCK,22,1,1,4,3,1.146,1.034,0.1,9.92,65664.79,Low
SCAFE-E,22,3,2,5,2,5.028,5.028,0,5.43,881894,Low
SCAFE-W,22,3,2,3,2,1.843,1.649,0.11,8.33,533719.8,None
SEYMOUR,22,1,1,2,2,3.267,3.022,0.07,3.44,2342245,None
STEWART,22,3,2,3,2,6.524,5.833,0.11,0.69,476104.7,None
SUMMIT,22,1,1,2,2,5.882,4.961,0.16,11.26,33108.48,High
XMAS,22,1,1,3,3,8.721,8.721,0,3.44,65270.2,High
ALBERT,23,2,0,3,0,1.173,1.068,0.09,8.44,109130.2,Low
BEAR-A,23,2,0,4,0,2.146,1.824,0.15,3.64,50181.04,None
BEAR-E,23,2,0,3,0,4.477,3.639,0.19,3.93,28970.14,Low
BOULDER-E,23,2,0,4,0,1.73,1.68,0.03,4.52,25283.02,None
BOULDER-W,23,2,0,3,0,1.113,1.067,0.04,10.17,27006.47,None
CAMROSE,23,3,2,4,1,1.477,1.104,0.25,1.97,69018.49,Low
CEDAR,23,3,1,4,1,2.766,2.369,0.14,3.58,77929.92,High
CHATTER,23,3,1,5,1,1.223,1.089,0.11,2.14,15888.79,Med
DEAN-E,23,2,0,2,0,0.725,0.725,0,7.95,17421.59,High
DEAN-P,23,2,0,3,0,0.769,0.769,0,9.85,17872.01,High
FKING-N,23,2,0,5,1,1.355,0.987,0.27,1.74,409167.9,None
FKING-S,23,3,1,4,0,1.202,1.202,0,2.58,2171374,None
GARIBALDI-W,23,2,0,5,0,5.89,5.86,0.01,1.08,82461.15,None
GONZALES,23,3,1,4,1,1.312,1.101,0.16,2.22,28234.75,Low
GORE,23,3,1,5,1,1.548,1.34,0.13,6.1,39619.77,High
HORTH,23,3,1,5,1,1.216,0.871,0.28,2.89,22215.26,None
KNOCKAN-N,23,2,1,4,1,3.185,2.88,0.1,5.79,49476.64,Med
KNOCKAN-S,23,2,0,2,0,1.27,1.109,0.13,4.35,62155.21,Low
KONUKSON,23,2,1,3,0,0.595,0.565,0.05,8.31,70719.17,None
KONUKSON-A,23,3,1,3,0,0.178,0.134,0.25,2.27,72684.95,None
LAYRITZ,23,3,1,4,1,4.431,3.491,0.21,2.08,42008.72,None
LILDOUG,23,2,0,4,0,8.815,8.815,0,0.79,254285.7,High
MOSSROCK,23,3,1,5,1,2.032,1.978,0.03,7.64,51199.58,Med
PEACOCK,23,1,0,2,0,1.146,1.034,0.1,9.92,65664.79,Low
SCAFE-E,23,2,0,3,0,5.028,5.028,0,5.43,881894,Low
SCAFE-W,23,1,0,1,0,1.843,1.649,0.11,8.33,533719.8,None
SEYMOUR,23,3,0,6,1,3.267,3.022,0.07,3.44,2342245,None
STEWART,23,2,0,5,1,6.524,5.833,0.11,0.69,476104.7,None
SUMMIT,23,4,2,5,2,5.882,4.961,0.16,11.26,33108.48,High
XMAS,23,4,2,5,1,8.721,8.721,0,3.44,65270.2,High
ALBERT,24,5,1,3,1,1.173,1.068,0.09,8.44,109130.2,Low
BEAR-A,24,5,2,3,2,2.146,1.824,0.15,3.64,50181.04,None
BEAR-E,24,5,1,3,1,4.477,3.639,0.19,3.93,28970.14,Low
BOULDER-E,24,5,2,4,1,1.73,1.68,0.03,4.52,25283.02,None
BOULDER-W,24,7,2,6,1,1.113,1.067,0.04,10.17,27006.47,None
CAMROSE,24,3,2,2,2,1.477,1.104,0.25,1.97,69018.49,Low
CEDAR,24,3,2,2,2,2.766,2.369,0.14,3.58,77929.92,High
CHATTER,24,3,2,4,3,1.223,1.089,0.11,2.14,15888.79,Med
DEAN-E,24,4,1,4,1,0.725,0.725,0,7.95,17421.59,High
DEAN-P,24,3,0,5,2,0.769,0.769,0,9.85,17872.01,High
FKING-N,24,4,1,4,1,1.355,0.987,0.27,1.74,409167.9,None
FKING-S,24,5,1,5,2,1.202,1.202,0,2.58,2171374,None
GARIBALDI-W,24,5,0,2,0,5.89,5.86,0.01,1.08,82461.15,None
GONZALES,24,5,2,3,2,1.312,1.101,0.16,2.22,28234.75,Low
GORE,24,5,1,4,2,1.548,1.34,0.13,6.1,39619.77,High
HORTH,24,2,1,1,1,1.216,0.871,0.28,2.89,22215.26,None
KNOCKAN-N,24,4,1,5,2,3.185,2.88,0.1,5.79,49476.64,Med
KNOCKAN-S,24,4,2,4,2,1.27,1.109,0.13,4.35,62155.21,Low
KONUKSON,24,5,2,3,1,0.595,0.565,0.05,8.31,70719.17,None
KONUKSON-A,24,2,1,2,1,0.178,0.134,0.25,2.27,72684.95,None
LAYRITZ,24,5,2,3,2,4.431,3.491,0.21,2.08,42008.72,None
LILDOUG,24,4,1,3,2,8.815,8.815,0,0.79,254285.7,High
MOSSROCK,24,3,3,4,4,2.032,1.978,0.03,7.64,51199.58,Med
PEACOCK,24,2,2,2,2,1.146,1.034,0.1,9.92,65664.79,Low
SCAFE-E,24,4,1,5,1,5.028,5.028,0,5.43,881894,Low
SCAFE-W,24,3,0,4,1,1.843,1.649,0.11,8.33,533719.8,None
SEYMOUR,24,5,1,4,2,3.267,3.022,0.07,3.44,2342245,None
STEWART,24,5,1,5,1,6.524,5.833,0.11,0.69,476104.7,None
SUMMIT,24,2,2,3,3,5.882,4.961,0.16,11.26,33108.48,High
XMAS,24,7,3,4,1,8.721,8.721,0,3.44,65270.2,High
ALBERT,25,3,0,3,0,1.173,1.068,0.09,8.44,109130.2,Low
BEAR-A,25,3,0,3,0,2.146,1.824,0.15,3.64,50181.04,None
BEAR-E,25,5,0,5,0,4.477,3.639,0.19,3.93,28970.14,Low
BOULDER-E,25,3,0,3,0,1.73,1.68,0.03,4.52,25283.02,None
BOULDER-W,25,3,0,3,0,1.113,1.067,0.04,10.17,27006.47,None
CAMROSE,25,,,,,1.477,1.104,0.25,1.97,69018.49,Low
CEDAR,25,1,0,2,0,2.766,2.369,0.14,3.58,77929.92,High
CHATTER,25,2,0,2,0,1.223,1.089,0.11,2.14,15888.79,Med
DEAN-E,25,5,0,5,0,0.725,0.725,0,7.95,17421.59,High
DEAN-P,25,4,0,5,0,0.769,0.769,0,9.85,17872.01,High
FKING-N,25,5,0,6,0,1.355,0.987,0.27,1.74,409167.9,None
FKING-S,25,4,0,5,0,1.202,1.202,0,2.58,2171374,None
GARIBALDI-W,25,4,0,5,0,5.89,5.86,0.01,1.08,82461.15,None
GONZALES,25,2,0,2,0,1.312,1.101,0.16,2.22,28234.75,Low
GORE,25,3,0,3,0,1.548,1.34,0.13,6.1,39619.77,High
HORTH,25,3,0,2,0,1.216,0.871,0.28,2.89,22215.26,None
KNOCKAN-N,25,3,0,3,0,3.185,2.88,0.1,5.79,49476.64,Med
KNOCKAN-S,25,3,0,3,0,1.27,1.109,0.13,4.35,62155.21,Low
KONUKSON,25,2,0,3,0,0.595,0.565,0.05,8.31,70719.17,None
KONUKSON-A,25,4,1,4,1,0.178,0.134,0.25,2.27,72684.95,None
LAYRITZ,25,4,0,4,0,4.431,3.491,0.21,2.08,42008.72,None
LILDOUG,25,4,0,3,0,8.815,8.815,0,0.79,254285.7,High
MOSSROCK,25,2,0,1,0,2.032,1.978,0.03,7.64,51199.58,Med
PEACOCK,25,2,0,1,0,1.146,1.034,0.1,9.92,65664.79,Low
SCAFE-E,25,6,0,7,0,5.028,5.028,0,5.43,881894,Low
SCAFE-W,25,3,0,4,0,1.843,1.649,0.11,8.33,533719.8,None
SEYMOUR,25,4,0,4,0,3.267,3.022,0.07,3.44,2342245,None
STEWART,25,8,0,8,0,6.524,5.833,0.11,0.69,476104.7,None
SUMMIT,25,1,0,2,0,5.882,4.961,0.16,11.26,33108.48,High
XMAS,25,3,0,3,0,8.721,8.721,0,3.44,65270.2,High
ALBERT,27,,,,,1.173,1.068,0.09,8.44,109130.2,Low
BEAR-A,27,1,0,1,0,2.146,1.824,0.15,3.64,50181.04,None
BEAR-E,27,1,0,1,0,4.477,3.639,0.19,3.93,28970.14,Low
BOULDER-E,27,1,0,1,0,1.73,1.68,0.03,4.52,25283.02,None
BOULDER-W,27,1,0,1,0,1.113,1.067,0.04,10.17,27006.47,None
CAMROSE,27,,,,,1.477,1.104,0.25,1.97,69018.49,Low
CEDAR,27,,,,,2.766,2.369,0.14,3.58,77929.92,High
CHATTER,27,2,1,1,0,1.223,1.089,0.11,2.14,15888.79,Med
DEAN-E,27,1,0,1,0,0.725,0.725,0,7.95,17421.59,High
DEAN-P,27,1,0,1,0,0.769,0.769,0,9.85,17872.01,High
FKING-N,27,1,0,1,0,1.355,0.987,0.27,1.74,409167.9,None
FKING-S,27,1,0,1,0,1.202,1.202,0,2.58,2171374,None
GARIBALDI-W,27,1,0,1,0,5.89,5.86,0.01,1.08,82461.15,None
GONZALES,27,,,,,1.312,1.101,0.16,2.22,28234.75,Low
GORE,27,1,0,1,0,1.548,1.34,0.13,6.1,39619.77,High
HORTH,27,,,,,1.216,0.871,0.28,2.89,22215.26,None
KNOCKAN-N,27,1,0,1,0,3.185,2.88,0.1,5.79,49476.64,Med
KNOCKAN-S,27,1,1,,,1.27,1.109,0.13,4.35,62155.21,Low
KONUKSON,27,,,,,0.595,0.565,0.05,8.31,70719.17,None
KONUKSON-A,27,,,,,0.178,0.134,0.25,2.27,72684.95,None
LAYRITZ,27,2,0,1,0,4.431,3.491,0.21,2.08,42008.72,None
LILDOUG,27,1,0,1,0,8.815,8.815,0,0.79,254285.7,High
MOSSROCK,27,,,,,2.032,1.978,0.03,7.64,51199.58,Med
PEACOCK,27,,,,,1.146,1.034,0.1,9.92,65664.79,Low
SCAFE-E,27,1,0,1,0,5.028,5.028,0,5.43,881894,Low
SCAFE-W,27,1,0,1,0,1.843,1.649,0.11,8.33,533719.8,None
SEYMOUR,27,1,0,1,0,3.267,3.022,0.07,3.44,2342245,None
STEWART,27,1,0,1,0,6.524,5.833,0.11,0.69,476104.7,None
SUMMIT,27,,,1,0,5.882,4.961,0.16,11.26,33108.48,High
XMAS,27,1,0,,,8.721,8.721,0,3.44,65270.2,High
ALBERT,29,5,5,4,3,1.173,1.068,0.09,8.44,109130.2,Low
BEAR-A,29,3,3,4,3,2.146,1.824,0.15,3.64,50181.04,None
BEAR-E,29,4,2,4,2,4.477,3.639,0.19,3.93,28970.14,Low
BOULDER-E,29,5,3,5,3,1.73,1.68,0.03,4.52,25283.02,None
BOULDER-W,29,2,1,2,2,1.113,1.067,0.04,10.17,27006.47,None
CAMROSE,29,,,3,3,1.477,1.104,0.25,1.97,69018.49,Low
CEDAR,29,1,1,2,2,2.766,2.369,0.14,3.58,77929.92,High
CHATTER,29,4,4,4,3,1.223,1.089,0.11,2.14,15888.79,Med
DEAN-E,29,2,0,1,1,0.725,0.725,0,7.95,17421.59,High
DEAN-P,29,2,1,1,0,0.769,0.769,0,9.85,17872.01,High
FKING-N,29,2,2,2,2,1.355,0.987,0.27,1.74,409167.9,None
FKING-S,29,1,1,3,3,1.202,1.202,0,2.58,2171374,None
GARIBALDI-W,29,2,1,3,2,5.89,5.86,0.01,1.08,82461.15,None
GONZALES,29,3,3,3,2,1.312,1.101,0.16,2.22,28234.75,Low
GORE,29,4,3,5,4,1.548,1.34,0.13,6.1,39619.77,High
HORTH,29,3,3,5,4,1.216,0.871,0.28,2.89,22215.26,None
KNOCKAN-N,29,4,3,4,3,3.185,2.88,0.1,5.79,49476.64,Med
KNOCKAN-S,29,3,3,4,4,1.27,1.109,0.13,4.35,62155.21,Low
KONUKSON,29,2,2,1,1,0.595,0.565,0.05,8.31,70719.17,None
KONUKSON-A,29,2,2,2,2,0.178,0.134,0.25,2.27,72684.95,None
LAYRITZ,29,4,3,4,3,4.431,3.491,0.21,2.08,42008.72,None
LILDOUG,29,4,3,3,2,8.815,8.815,0,0.79,254285.7,High
MOSSROCK,29,5,5,5,5,2.032,1.978,0.03,7.64,51199.58,Med
PEACOCK,29,,,3,3,1.146,1.034,0.1,9.92,65664.79,Low
SCAFE-E,29,6,3,5,3,5.028,5.028,0,5.43,881894,Low
SCAFE-W,29,5,2,3,2,1.843,1.649,0.11,8.33,533719.8,None
SEYMOUR,29,4,3,3,3,3.267,3.022,0.07,3.44,2342245,None
STEWART,29,5,3,5,3,6.524,5.833,0.11,0.69,476104.7,None
SUMMIT,29,4,4,5,4,5.882,4.961,0.16,11.26,33108.48,High
XMAS,29,4,3,5,4,8.721,8.721,0,3.44,65270.2,High
ALBERT,30,3,1,3,1,1.173,1.068,0.09,8.44,109130.2,Low
BEAR-A,30,2,0,2,0,2.146,1.824,0.15,3.64,50181.04,None
BEAR-E,30,2,0,2,0,4.477,3.639,0.19,3.93,28970.14,Low
BOULDER-E,30,3,1,3,1,1.73,1.68,0.03,4.52,25283.02,None
BOULDER-W,30,2,0,2,0,1.113,1.067,0.04,10.17,27006.47,None
CAMROSE,30,2,0,1,0,1.477,1.104,0.25,1.97,69018.49,Low
CEDAR,30,2,0,2,0,2.766,2.369,0.14,3.58,77929.92,High
CHATTER,30,2,1,3,1,1.223,1.089,0.11,2.14,15888.79,Med
DEAN-E,30,2,0,2,0,0.725,0.725,0,7.95,17421.59,High
DEAN-P,30,3,0,2,0,0.769,0.769,0,9.85,17872.01,High
FKING-N,30,2,0,2,0,1.355,0.987,0.27,1.74,409167.9,None
FKING-S,30,2,0,3,1,1.202,1.202,0,2.58,2171374,None
GARIBALDI-W,30,2,0,2,0,5.89,5.86,0.01,1.08,82461.15,None
GONZALES,30,1,0,1,0,1.312,1.101,0.16,2.22,28234.75,Low
GORE,30,2,0,2,0,1.548,1.34,0.13,6.1,39619.77,High
HORTH,30,2,0,1,0,1.216,0.871,0.28,2.89,22215.26,None
KNOCKAN-N,30,3,1,2,1,3.185,2.88,0.1,5.79,49476.64,Med
KNOCKAN-S,30,2,1,2,1,1.27,1.109,0.13,4.35,62155.21,Low
KONUKSON,30,1,0,2,0,0.595,0.565,0.05,8.31,70719.17,None
KONUKSON-A,30,1,0,1,0,0.178,0.134,0.25,2.27,72684.95,None
LAYRITZ,30,3,1,2,0,4.431,3.491,0.21,2.08,42008.72,None
LILDOUG,30,2,0,2,0,8.815,8.815,0,0.79,254285.7,High
MOSSROCK,30,2,0,1,0,2.032,1.978,0.03,7.64,51199.58,Med
PEACOCK,30,1,0,1,0,1.146,1.034,0.1,9.92,65664.79,Low
SCAFE-E,30,2,0,2,0,5.028,5.028,0,5.43,881894,Low
SCAFE-W,30,2,0,2,0,1.843,1.649,0.11,8.33,533719.8,None
SEYMOUR,30,3,1,3,1,3.267,3.022,0.07,3.44,2342245,None
STEWART,30,2,0,3,1,6.524,5.833,0.11,0.69,476104.7,None
SUMMIT,30,2,0,2,0,5.882,4.961,0.16,11.26,33108.48,High
XMAS,30,2,0,2,0,8.721,8.721,0,3.44,65270.2,High
ALBERT,31,1,0,1,0,1.173,1.068,0.09,8.44,109130.2,Low
BEAR-A,31,1,0,1,0,2.146,1.824,0.15,3.64,50181.04,None
BEAR-E,31,2,0,2,0,4.477,3.639,0.19,3.93,28970.14,Low
BOULDER-E,31,2,0,2,0,1.73,1.68,0.03,4.52,25283.02,None
BOULDER-W,31,1,0,1,0,1.113,1.067,0.04,10.17,27006.47,None
CAMROSE,31,,,1,0,1.477,1.104,0.25,1.97,69018.49,Low
CEDAR,31,1,0,1,0,2.766,2.369,0.14,3.58,77929.92,High
CHATTER,31,1,0,1,0,1.223,1.089,0.11,2.14,15888.79,Med
DEAN-E,31,2,0,1,0,0.725,0.725,0,7.95,17421.59,High
DEAN-P,31,3,0,3,0,0.769,0.769,0,9.85,17872.01,High
FKING-N,31,2,0,2,0,1.355,0.987,0.27,1.74,409167.9,None
FKING-S,31,3,0,3,0,1.202,1.202,0,2.58,2171374,None
GARIBALDI-W,31,3,0,2,0,5.89,5.86,0.01,1.08,82461.15,None
GONZALES,31,1,0,1,0,1.312,1.101,0.16,2.22,28234.75,Low
GORE,31,2,0,2,0,1.548,1.34,0.13,6.1,39619.77,High
HORTH,31,1,0,1,0,1.216,0.871,0.28,2.89,22215.26,None
KNOCKAN-N,31,1,0,1,0,3.185,2.88,0.1,5.79,49476.64,Med
KNOCKAN-S,31,1,0,1,0,1.27,1.109,0.13,4.35,62155.21,Low
KONUKSON,31,1,0,1,0,0.595,0.565,0.05,8.31,70719.17,None
KONUKSON-A,31,,,,,0.178,0.134,0.25,2.27,72684.95,None
LAYRITZ,31,1,0,1,0,4.431,3.491,0.21,2.08,42008.72,None
LILDOUG,31,1,0,1,0,8.815,8.815,0,0.79,254285.7,High
MOSSROCK,31,1,0,1,0,2.032,1.978,0.03,7.64,51199.58,Med
PEACOCK,31,,,,,1.146,1.034,0.1,9.92,65664.79,Low
SCAFE-E,31,2,0,1,0,5.028,5.028,0,5.43,881894,Low
SCAFE-W,31,1,0,1,0,1.843,1.649,0.11,8.33,533719.8,None
SEYMOUR,31,2,0,2,0,3.267,3.022,0.07,3.44,2342245,None
STEWART,31,1,0,1,0,6.524,5.833,0.11,0.69,476104.7,None
SUMMIT,31,1,0,1,0,5.882,4.961,0.16,11.26,33108.48,High
XMAS,31,2,0,2,0,8.721,8.721,0,3.44,65270.2,High
